customer_id,recency,frequency,monetary,churned,join_date,cluster,segment_label
CUST_00002,6,6,607.7228023838638,1,2025-06-30 01:08:56.242532,0,At Risk
CUST_00003,1,5,932.0323691391887,1,2025-12-11 01:08:56.242537,3,Loyal Customers
CUST_00004,89,1,171.62712843964474,1,2026-01-15 01:08:56.242540,0,At Risk
CUST_00005,13,3,134.90981153286296,0,2025-09-20 01:08:56.242542,0,At Risk
CUST_00006,2,19,1214.5673799531226,0,2026-03-07 01:08:56.242545,3,Loyal Customers
CUST_00007,8,2,118.46096723489548,0,2025-12-15 01:08:56.242547,0,At Risk
CUST_00008,3,8,1346.9241783083394,0,2025-11-26 01:08:56.242549,3,Loyal Customers
CUST_00009,48,1,236.2442214266124,0,2025-08-25 01:08:56.242551,0,At Risk
CUST_00010,42,4,138.04533778247142,0,2025-05-01 01:08:56.242553,0,At Risk
CUST_00011,35,3,378.059846144569,0,2025-12-30 01:08:56.242555,0,At Risk
CUST_00012,5,12,805.4130529780385,0,2025-12-18 01:08:56.242557,3,Loyal Customers
CUST_00013,20,15,679.6529572285049,0,2025-10-27 01:08:56.242559,3,Loyal Customers
CUST_00014,22,7,885.4540588880998,0,2025-11-17 01:08:56.242561,3,Loyal Customers
CUST_00016,187,2,51.89633015949011,1,2025-05-23 01:08:56.242565,2,Hibernating
CUST_00017,15,6,487.53907389306096,1,2025-07-13 01:08:56.242567,0,At Risk
CUST_00018,37,2,70.75497534370103,0,2025-06-07 01:08:56.242569,0,At Risk
CUST_00019,49,6,292.3051312086083,0,2025-09-17 01:08:56.242571,0,At Risk
CUST_00020,18,13,684.7739446940394,0,2025-06-24 01:08:56.242575,3,Loyal Customers
CUST_00021,23,11,1147.1503332359343,0,2025-10-18 01:08:56.242577,3,Loyal Customers
CUST_00022,84,3,177.02009782040676,1,2025-05-18 01:08:56.242579,0,At Risk
CUST_00023,38,1,15.522584204051126,0,2026-03-06 01:08:56.242582,0,At Risk
CUST_00025,21,2,244.5141863514819,1,2025-08-04 01:08:56.242585,0,At Risk
CUST_00026,40,4,581.2964573340829,0,2026-02-07 01:08:56.242587,0,At Risk
CUST_00027,30,7,357.41183457849456,0,2026-01-28 01:08:56.242589,0,At Risk
CUST_00028,19,7,493.7336114324484,0,2025-10-09 01:08:56.242592,0,At Risk
CUST_00029,142,1,21.25385777625616,1,2025-09-21 01:08:56.242594,2,Hibernating
CUST_00031,150,1,90.08452227233002,1,2025-09-19 01:08:56.242598,2,Hibernating
CUST_00032,196,1,166.203065192186,1,2025-10-04 01:08:56.242600,2,Hibernating
CUST_00033,7,6,355.6401548929934,0,2026-02-05 01:08:56.242602,0,At Risk
CUST_00035,68,2,1028.994462121417,1,2025-07-27 01:08:56.242606,0,At Risk
CUST_00036,24,1,9.650273061785724,1,2025-05-12 01:08:56.242608,0,At Risk
CUST_00037,10,12,1555.8692414945565,1,2025-11-17 01:08:56.242610,3,Loyal Customers
CUST_00038,16,7,560.068610971974,0,2025-05-25 01:08:56.242612,0,At Risk
CUST_00040,7,5,342.6495455362977,0,2026-03-07 01:08:56.242616,0,At Risk
CUST_00041,123,9,782.0646894487097,1,2025-05-03 01:08:56.242618,2,Hibernating
CUST_00042,9,14,971.5255183523306,0,2025-10-12 01:08:56.242620,3,Loyal Customers
CUST_00043,23,1,257.7770354685317,0,2025-06-27 01:08:56.242621,0,At Risk
CUST_00044,4,22,1502.368524485957,0,2025-12-29 01:08:56.242623,1,Champions
CUST_00045,5,20,1025.3789802254769,0,2025-05-16 01:08:56.242625,3,Loyal Customers
CUST_00046,2,14,791.5264637342767,0,2026-03-14 01:08:56.242627,3,Loyal Customers
CUST_00047,73,2,105.71307150253052,1,2025-07-29 01:08:56.242629,0,At Risk
CUST_00048,82,3,118.97837464110115,1,2025-07-06 01:08:56.242631,0,At Risk
CUST_00049,54,3,526.0963430191296,0,2026-02-03 01:08:56.242633,0,At Risk
CUST_00050,4,8,797.5085721784578,0,2025-12-26 01:08:56.242635,3,Loyal Customers
CUST_00051,11,10,519.8032801671357,1,2025-07-07 01:08:56.242637,3,Loyal Customers
CUST_00052,10,8,750.1449069395713,0,2026-02-21 01:08:56.242639,3,Loyal Customers
CUST_00053,16,5,306.9782911527789,0,2025-09-03 01:08:56.242641,0,At Risk
CUST_00054,3,13,834.8100381535314,0,2026-01-06 01:08:56.242644,3,Loyal Customers
CUST_00055,5,13,855.195167791204,0,2026-02-06 01:08:56.242645,3,Loyal Customers
CUST_00056,25,1,95.43873475931146,0,2026-03-26 01:08:56.242647,0,At Risk
CUST_00057,0,16,1524.207214457336,0,2026-02-02 01:08:56.242649,3,Loyal Customers
CUST_00058,24,5,534.3574568519309,0,2025-12-12 01:08:56.242651,0,At Risk
CUST_00059,44,6,599.8249165210146,0,2025-07-11 01:08:56.242653,0,At Risk
CUST_00060,147,1,227.66207039230565,1,2025-05-22 01:08:56.242655,2,Hibernating
CUST_00061,63,2,234.50474296303025,1,2025-09-18 01:08:56.242657,0,At Risk
CUST_00062,26,8,822.664473137168,0,2025-08-22 01:08:56.242660,3,Loyal Customers
CUST_00063,8,2,112.20070859297624,0,2026-02-12 01:08:56.242661,0,At Risk
CUST_00064,2,10,1130.7457483458534,1,2025-10-17 01:08:56.242663,3,Loyal Customers
CUST_00065,61,5,355.37359783373034,1,2025-09-07 01:08:56.242665,0,At Risk
CUST_00066,105,3,91.41464003065111,1,2025-07-01 01:08:56.242667,2,Hibernating
CUST_00067,22,4,265.95374011123334,1,2025-05-28 01:08:56.242669,0,At Risk
CUST_00068,17,4,334.6613611623478,0,2025-06-30 01:08:56.242671,0,At Risk
CUST_00069,129,2,81.95287732009034,0,2025-08-25 01:08:56.242673,2,Hibernating
CUST_00070,267,1,112.44609046301863,1,2025-07-19 01:08:56.242675,2,Hibernating
CUST_00071,144,1,65.53360016269852,1,2025-09-19 01:08:56.242677,2,Hibernating
CUST_00073,20,27,1632.4526656281496,0,2025-08-27 01:08:56.242681,1,Champions
CUST_00074,10,25,2291.6682794578355,0,2025-09-01 01:08:56.242683,1,Champions
CUST_00076,0,5,405.6867701954115,1,2026-02-03 01:08:56.242687,0,At Risk
CUST_00077,27,3,184.81549903813112,0,2025-06-21 01:08:56.242689,0,At Risk
CUST_00078,73,8,742.8265209755871,1,2025-08-23 01:08:56.242691,0,At Risk
CUST_00079,1,6,828.5813240264586,1,2025-07-19 01:08:56.242693,3,Loyal Customers
CUST_00080,18,17,1572.720082984283,0,2025-09-21 01:08:56.242695,3,Loyal Customers
CUST_00081,25,2,219.6772866894508,0,2026-02-15 01:08:56.242699,0,At Risk
CUST_00082,5,12,590.830776253658,0,2025-10-22 01:08:56.242701,3,Loyal Customers
CUST_00083,3,3,266.461569142404,0,2026-03-13 01:08:56.242703,0,At Risk
CUST_00084,36,41,2617.140755979008,0,2025-05-31 01:08:56.242705,1,Champions
CUST_00086,166,2,100.66978619423983,1,2025-05-05 01:08:56.242709,2,Hibernating
CUST_00087,5,5,389.7343296067405,0,2026-03-19 01:08:56.242711,0,At Risk
CUST_00088,4,7,604.0176310166646,0,2025-11-19 01:08:56.242713,0,At Risk
CUST_00089,47,2,267.5780860786133,0,2025-11-12 01:08:56.242715,0,At Risk
CUST_00090,10,14,1055.24218146509,0,2026-01-24 01:08:56.242717,3,Loyal Customers
CUST_00091,49,1,30.546767861811585,0,2025-11-09 01:08:56.242718,0,At Risk
CUST_00092,75,4,142.79318852095508,1,2026-01-06 01:08:56.242720,0,At Risk
CUST_00093,134,3,192.437712098067,1,2025-10-16 01:08:56.242722,2,Hibernating
CUST_00094,17,4,255.6716084243289,0,2025-06-12 01:08:56.242724,0,At Risk
CUST_00095,63,6,210.77037115589005,0,2025-07-10 01:08:56.242726,0,At Risk
CUST_00096,63,5,290.099365058146,1,2025-08-09 01:08:56.242728,0,At Risk
CUST_00097,41,1,79.46124742506433,0,2026-02-15 01:08:56.242730,0,At Risk
CUST_00099,39,2,470.795553300168,0,2025-11-13 01:08:56.242734,0,At Risk
CUST_00100,6,8,321.85676571915275,0,2025-09-08 01:08:56.242736,0,At Risk
CUST_00101,25,17,1915.946044735683,0,2025-05-04 01:08:56.242738,1,Champions
CUST_00103,3,5,250.43038766543452,0,2026-02-23 01:08:56.242742,0,At Risk
CUST_00104,56,1,202.3616039014844,0,2026-02-08 01:08:56.242744,0,At Risk
CUST_00106,5,10,999.2404310852728,0,2025-08-24 01:08:56.242750,3,Loyal Customers
CUST_00107,49,5,502.2225475262302,1,2025-06-08 01:08:56.242751,0,At Risk
CUST_00108,78,1,218.3886081621918,0,2025-12-19 01:08:56.242753,0,At Risk
CUST_00109,122,1,10.589917594006682,1,2025-10-07 01:08:56.242755,2,Hibernating
CUST_00111,6,8,351.2214034209166,0,2026-02-21 01:08:56.242760,0,At Risk
CUST_00112,4,19,1602.8516976289582,0,2025-08-13 01:08:56.242761,3,Loyal Customers
CUST_00114,90,1,56.81771946650011,0,2025-11-17 01:08:56.242765,0,At Risk
CUST_00115,19,11,1135.3525759700156,0,2025-07-14 01:08:56.242767,3,Loyal Customers
CUST_00116,1,16,1579.311864617785,0,2026-03-23 01:08:56.242769,3,Loyal Customers
CUST_00117,61,4,209.89592369254703,1,2025-08-22 01:08:56.242771,0,At Risk
CUST_00120,44,5,283.02826573027056,0,2025-09-02 01:08:56.242777,0,At Risk
CUST_00121,25,3,348.4740411411561,0,2026-03-13 01:08:56.242779,0,At Risk
CUST_00123,18,4,303.7531265640416,0,2025-09-30 01:08:56.242783,0,At Risk
CUST_00125,26,8,885.7197763128421,0,2025-08-09 01:08:56.242787,3,Loyal Customers
CUST_00128,16,7,505.6408116134141,0,2025-12-22 01:08:56.242793,0,At Risk
CUST_00129,0,7,732.1023502268314,1,2025-08-18 01:08:56.242795,3,Loyal Customers
CUST_00130,4,31,2981.5819730823896,0,2025-08-09 01:08:56.242797,1,Champions
CUST_00131,21,13,1470.4566606527658,0,2025-08-03 01:08:56.242799,3,Loyal Customers
CUST_00132,16,2,363.9012706422321,1,2025-11-05 01:08:56.242801,0,At Risk
CUST_00133,10,9,732.9955113853297,0,2025-10-08 01:08:56.242803,3,Loyal Customers
CUST_00135,14,14,1384.5956716571068,0,2026-02-20 01:08:56.242807,3,Loyal Customers
CUST_00136,5,5,706.9771368365716,0,2026-03-15 01:08:56.242809,0,At Risk
CUST_00137,4,6,174.77313588901146,0,2025-10-19 01:08:56.242811,0,At Risk
CUST_00139,98,1,114.79331671526676,0,2025-09-22 01:08:56.242814,2,Hibernating
CUST_00140,26,9,1796.400911537135,0,2025-07-28 01:08:56.242816,3,Loyal Customers
CUST_00141,13,10,639.5587896870255,0,2026-01-01 01:08:56.242818,3,Loyal Customers
CUST_00142,72,1,196.9298458830196,1,2025-06-17 01:08:56.242820,0,At Risk
CUST_00143,14,2,106.71164923756372,0,2026-01-21 01:08:56.242822,0,At Risk
CUST_00144,34,8,567.6722434871019,0,2025-10-09 01:08:56.242824,0,At Risk
CUST_00145,0,14,671.3261135321579,0,2026-02-11 01:08:56.242826,3,Loyal Customers
CUST_00146,39,2,100.8934547429111,0,2026-01-25 01:08:56.242828,0,At Risk
CUST_00147,27,4,446.999975870266,0,2025-11-14 01:08:56.242830,0,At Risk
CUST_00148,231,1,38.739776430611705,1,2025-06-17 01:08:56.242832,2,Hibernating
CUST_00149,27,8,1292.3326069371103,0,2026-02-28 01:08:56.242834,3,Loyal Customers
CUST_00150,47,1,80.52641675444332,1,2025-12-10 01:08:56.242836,0,At Risk
CUST_00151,14,2,97.2994264329771,0,2026-02-12 01:08:56.242838,0,At Risk
CUST_00152,74,6,352.70037844408154,1,2025-06-15 01:08:56.242839,0,At Risk
CUST_00154,12,2,207.41310277172985,0,2025-11-20 01:08:56.242843,0,At Risk
CUST_00155,40,4,206.6080304540595,0,2025-08-09 01:08:56.242845,0,At Risk
CUST_00156,53,2,175.23915929274614,0,2025-09-19 01:08:56.242847,0,At Risk
CUST_00157,140,3,476.8719973495769,1,2025-08-15 01:08:56.242849,2,Hibernating
CUST_00158,9,4,323.38367232654747,0,2025-06-18 01:08:56.242851,0,At Risk
CUST_00159,131,1,454.9373457740293,0,2025-11-27 01:08:56.242853,2,Hibernating
CUST_00160,28,6,533.4348833252573,0,2025-12-02 01:08:56.242855,0,At Risk
CUST_00161,7,9,1076.2582262224953,0,2025-08-07 01:08:56.242857,3,Loyal Customers
CUST_00162,61,10,548.1903966419145,1,2025-07-12 01:08:56.242859,0,At Risk
CUST_00164,43,2,156.2240200585392,0,2025-11-11 01:08:56.242863,0,At Risk
CUST_00165,194,1,125.79117392770232,1,2025-05-14 01:08:56.242865,2,Hibernating
CUST_00166,139,2,399.7680931334533,1,2025-10-14 01:08:56.242867,2,Hibernating
CUST_00167,136,4,398.480908966816,1,2025-08-15 01:08:56.242869,2,Hibernating
CUST_00168,87,6,676.9421541164761,1,2025-05-25 01:08:56.242870,0,At Risk
CUST_00171,30,5,308.6511769590337,0,2025-10-27 01:08:56.242876,0,At Risk
CUST_00172,27,7,1067.462965077449,0,2025-05-17 01:08:56.242878,3,Loyal Customers
CUST_00174,20,7,428.5148228011888,0,2025-12-22 01:08:56.242882,0,At Risk
CUST_00175,19,4,420.0607660342656,0,2025-08-07 01:08:56.242884,0,At Risk
CUST_00176,30,16,1184.1974260410436,0,2025-09-29 01:08:56.242886,3,Loyal Customers
CUST_00177,32,19,1454.2402877175427,0,2025-12-05 01:08:56.242888,3,Loyal Customers
CUST_00179,16,2,112.77605388742803,0,2026-02-04 01:08:56.242892,0,At Risk
CUST_00180,74,2,248.56875850723296,1,2025-07-03 01:08:56.242894,0,At Risk
CUST_00181,58,3,229.8628023880004,0,2025-06-06 01:08:56.242896,0,At Risk
CUST_00182,2,13,504.8983960778996,0,2025-12-05 01:08:56.242898,3,Loyal Customers
CUST_00183,12,10,510.850119053189,0,2025-12-17 01:08:56.242899,3,Loyal Customers
CUST_00184,7,5,275.64169511971824,1,2025-12-05 01:08:56.242901,0,At Risk
CUST_00185,2,11,1884.118487150228,0,2026-01-06 01:08:56.242903,3,Loyal Customers
CUST_00186,117,3,143.5097186743268,1,2025-09-22 01:08:56.242905,2,Hibernating
CUST_00188,2,6,354.42425420334695,0,2026-03-26 01:08:56.242909,0,At Risk
CUST_00189,62,1,83.20663310887586,1,2025-11-18 01:08:56.242911,0,At Risk
CUST_00190,27,8,948.395612710881,0,2025-08-20 01:08:56.242913,3,Loyal Customers
CUST_00191,53,1,171.51341062270765,0,2026-02-02 01:08:56.242917,0,At Risk
CUST_00192,79,1,58.79954048844357,1,2025-08-16 01:08:56.242919,0,At Risk
CUST_00193,8,22,1925.3846037222625,0,2025-08-15 01:08:56.242921,1,Champions
CUST_00194,72,2,83.87918891364416,1,2025-11-22 01:08:56.242923,0,At Risk
CUST_00195,6,28,2347.8936460606574,0,2025-11-18 01:08:56.242925,1,Champions
CUST_00196,0,31,2382.658646875534,0,2026-02-03 01:08:56.242927,1,Champions
CUST_00197,0,10,1479.7135621931711,0,2025-10-07 01:08:56.242929,3,Loyal Customers
CUST_00198,8,8,983.9957510318732,0,2025-08-22 01:08:56.242931,3,Loyal Customers
CUST_00199,16,7,626.6279905837447,0,2025-10-19 01:08:56.242933,0,At Risk
CUST_00200,33,17,1422.299793346053,0,2025-09-11 01:08:56.242934,3,Loyal Customers
CUST_00201,137,3,238.5631153688066,0,2025-07-24 01:08:56.242936,2,Hibernating
CUST_00202,4,4,422.6908431727703,0,2025-05-08 01:08:56.242939,0,At Risk
CUST_00203,36,7,589.8710599093171,0,2025-09-06 01:08:56.242941,0,At Risk
CUST_00204,102,3,757.7498136990849,1,2025-09-25 01:08:56.242942,2,Hibernating
CUST_00205,6,2,130.0954693986588,0,2025-11-25 01:08:56.242944,0,At Risk
CUST_00206,110,3,320.6166944657327,1,2025-07-16 01:08:56.242946,2,Hibernating
CUST_00207,109,7,250.25759155670244,0,2025-06-07 01:08:56.242948,2,Hibernating
CUST_00208,19,13,1113.9403776891156,0,2025-06-21 01:08:56.242950,3,Loyal Customers
CUST_00210,7,18,1462.1174824298696,0,2025-12-20 01:08:56.242954,3,Loyal Customers
CUST_00211,11,11,1260.6276013767497,0,2025-09-11 01:08:56.242956,3,Loyal Customers
CUST_00212,9,13,1690.3018632920318,0,2025-07-31 01:08:56.242958,3,Loyal Customers
CUST_00213,123,1,15.001598055924733,1,2025-11-04 01:08:56.242960,2,Hibernating
CUST_00214,1,15,2276.0422125789087,0,2025-12-21 01:08:56.242962,1,Champions
CUST_00216,3,10,933.6994536270556,0,2025-11-24 01:08:56.242966,3,Loyal Customers
CUST_00218,79,8,989.9877835552724,1,2025-05-06 01:08:56.242969,3,Loyal Customers
CUST_00219,9,26,1946.585487469456,0,2025-07-12 01:08:56.242971,1,Champions
CUST_00220,49,1,71.90016280866173,0,2025-10-31 01:08:56.242973,0,At Risk
CUST_00221,250,1,154.9450428780819,1,2025-07-19 01:08:56.242975,2,Hibernating
CUST_00222,12,8,1029.2155825624736,0,2025-11-01 01:08:56.242977,3,Loyal Customers
CUST_00223,42,1,178.51988726607283,0,2025-10-31 01:08:56.242979,0,At Risk
CUST_00224,14,18,1363.1796271869168,0,2025-09-10 01:08:56.242981,3,Loyal Customers
CUST_00226,36,1,342.3769764056506,0,2025-11-20 01:08:56.242985,0,At Risk
CUST_00227,2,25,1628.851522096884,0,2026-02-17 01:08:56.242987,1,Champions
CUST_00228,2,11,1245.258120505617,0,2025-11-19 01:08:56.242989,3,Loyal Customers
CUST_00229,40,12,820.6796758442831,0,2025-07-04 01:08:56.242991,3,Loyal Customers
CUST_00230,49,1,41.14871645953964,1,2025-10-28 01:08:56.242993,0,At Risk
CUST_00231,18,7,856.2044893566606,0,2025-06-03 01:08:56.242995,3,Loyal Customers
CUST_00232,33,5,461.10874003392655,0,2025-12-19 01:08:56.242997,0,At Risk
CUST_00233,85,4,211.5314952035691,1,2025-07-08 01:08:56.242999,0,At Risk
CUST_00234,64,7,637.1010889310859,1,2025-07-19 01:08:56.243001,0,At Risk
CUST_00235,12,6,761.865634928252,0,2025-11-04 01:08:56.243003,0,At Risk
CUST_00236,4,6,231.75125527160097,0,2025-12-06 01:08:56.243004,0,At Risk
CUST_00237,2,3,526.29157337672,0,2026-01-27 01:08:56.243006,0,At Risk
CUST_00238,5,10,820.1380814900793,1,2026-03-26 01:08:56.243008,3,Loyal Customers
CUST_00239,100,1,42.56147233618698,1,2025-05-28 01:08:56.243010,2,Hibernating
CUST_00240,25,9,681.5623050383181,0,2025-07-17 01:08:56.243012,3,Loyal Customers
CUST_00241,11,1,29.65757841361488,0,2025-11-08 01:08:56.243014,0,At Risk
CUST_00242,8,7,753.1502458709512,0,2026-02-19 01:08:56.243016,3,Loyal Customers
CUST_00243,12,10,1153.1626210930735,0,2025-10-19 01:08:56.243018,3,Loyal Customers
CUST_00244,25,1,37.63240290474268,0,2026-03-19 01:08:56.243020,0,At Risk
CUST_00247,41,5,722.1980959655239,0,2025-11-01 01:08:56.243026,0,At Risk
CUST_00248,89,9,518.126073388545,1,2025-05-28 01:08:56.243028,0,At Risk
CUST_00249,39,1,159.2794215807872,0,2025-09-01 01:08:56.243030,0,At Risk
CUST_00250,4,16,1328.072783623743,0,2025-11-17 01:08:56.243032,3,Loyal Customers
CUST_00251,23,6,470.6595028289972,0,2025-10-27 01:08:56.243033,0,At Risk
CUST_00252,4,5,929.005841177883,1,2026-02-02 01:08:56.243035,3,Loyal Customers
CUST_00253,2,13,1373.2701038627492,0,2025-11-28 01:08:56.243037,3,Loyal Customers
CUST_00254,54,3,349.5323358280167,0,2025-10-18 01:08:56.243039,0,At Risk
CUST_00255,11,7,477.3942401930879,0,2025-12-02 01:08:56.243041,0,At Risk
CUST_00257,4,1,142.48937829824854,0,2025-12-05 01:08:56.243045,0,At Risk
CUST_00258,60,2,54.725740959442135,0,2025-12-14 01:08:56.243047,0,At Risk
CUST_00259,68,1,138.02430173625828,1,2025-07-17 01:08:56.243049,0,At Risk
CUST_00260,8,8,749.9364049957784,0,2025-08-13 01:08:56.243051,3,Loyal Customers
CUST_00261,39,1,159.00896447624623,0,2025-12-06 01:08:56.243053,0,At Risk
CUST_00262,38,3,411.3951625085291,0,2025-12-19 01:08:56.243055,0,At Risk
CUST_00263,70,1,472.7822465719021,1,2025-10-26 01:08:56.243057,0,At Risk
CUST_00264,9,1,412.791274383296,1,2025-09-15 01:08:56.243059,0,At Risk
CUST_00265,14,6,399.1988557835597,0,2025-05-22 01:08:56.243061,0,At Risk
CUST_00266,10,31,3124.7204937492306,0,2025-10-16 01:08:56.243063,1,Champions
CUST_00268,15,12,1695.6227488119482,0,2025-10-10 01:08:56.243066,3,Loyal Customers
CUST_00269,2,8,539.607337781502,0,2025-10-18 01:08:56.243068,0,At Risk
CUST_00270,13,7,728.4276190619584,0,2026-01-19 01:08:56.243070,3,Loyal Customers
CUST_00271,35,4,233.9858479037744,1,2025-06-12 01:08:56.243072,0,At Risk
CUST_00273,131,2,293.7472388495645,1,2025-05-28 01:08:56.243076,2,Hibernating
CUST_00274,46,3,130.89428451087213,0,2025-11-13 01:08:56.243078,0,At Risk
CUST_00275,0,2,233.76021058627396,0,2025-09-14 01:08:56.243082,0,At Risk
CUST_00276,0,16,2107.7616645306057,0,2025-11-20 01:08:56.243084,1,Champions
CUST_00277,2,5,265.55686812060424,0,2026-02-23 01:08:56.243086,0,At Risk
CUST_00279,11,2,203.32306720357107,0,2026-03-06 01:08:56.243089,0,At Risk
CUST_00280,30,2,128.17201633519005,0,2025-08-02 01:08:56.243091,0,At Risk
CUST_00281,42,3,366.46362873664617,0,2025-10-21 01:08:56.243093,0,At Risk
CUST_00282,19,8,509.8709088311642,0,2026-02-18 01:08:56.243095,0,At Risk
CUST_00283,44,13,1067.078256447672,0,2025-08-10 01:08:56.243097,3,Loyal Customers
CUST_00284,15,9,691.574531367648,0,2026-02-05 01:08:56.243099,3,Loyal Customers
CUST_00285,16,4,261.4055470672275,0,2025-07-07 01:08:56.243101,0,At Risk
CUST_00286,10,11,2125.3336084478183,0,2025-06-18 01:08:56.243103,3,Loyal Customers
CUST_00287,0,22,1622.365280737265,0,2026-03-01 01:08:56.243105,1,Champions
CUST_00288,172,1,53.49171585232908,1,2025-08-14 01:08:56.243107,2,Hibernating
CUST_00290,194,2,37.87258961057092,0,2025-06-15 01:08:56.243111,2,Hibernating
CUST_00291,10,4,412.1138040594399,0,2025-12-21 01:08:56.243113,0,At Risk
CUST_00292,114,5,246.0157166913133,1,2025-06-17 01:08:56.243115,2,Hibernating
CUST_00293,49,8,1268.680038837072,0,2025-05-15 01:08:56.243117,3,Loyal Customers
CUST_00294,134,3,143.90125775005825,1,2025-05-28 01:08:56.243119,2,Hibernating
CUST_00296,2,2,90.92350311158098,1,2026-03-24 01:08:56.243123,0,At Risk
CUST_00297,27,3,432.1434958947778,0,2026-02-21 01:08:56.243125,0,At Risk
CUST_00298,25,5,727.0401491405004,0,2025-09-17 01:08:56.243126,0,At Risk
CUST_00299,2,4,236.3905910023576,0,2026-02-07 01:08:56.243128,0,At Risk
CUST_00300,25,3,124.4667687455816,0,2026-03-11 01:08:56.243130,0,At Risk
CUST_00302,248,1,88.98983764318771,1,2025-08-20 01:08:56.243134,2,Hibernating
CUST_00303,7,12,479.7221233765954,1,2025-10-21 01:08:56.243136,3,Loyal Customers
CUST_00304,0,13,835.0024118435772,0,2026-02-10 01:08:56.243138,3,Loyal Customers
CUST_00305,14,5,145.71629166184556,0,2026-03-22 01:08:56.243140,0,At Risk
CUST_00307,82,3,255.21022236234117,1,2025-08-07 01:08:56.243144,0,At Risk
CUST_00308,4,15,3211.219007302247,0,2026-02-19 01:08:56.243146,1,Champions
CUST_00309,77,9,1041.6568442815187,1,2025-06-21 01:08:56.243148,3,Loyal Customers
CUST_00312,33,3,299.3049493232205,1,2025-12-23 01:08:56.243154,0,At Risk
CUST_00313,109,2,89.05673692946999,1,2025-12-19 01:08:56.243156,2,Hibernating
CUST_00316,3,4,341.5588390019889,0,2025-09-18 01:08:56.243162,0,At Risk
CUST_00317,29,16,1255.5912693972855,0,2025-07-18 01:08:56.243163,3,Loyal Customers
CUST_00318,14,16,1206.9534857475996,0,2025-10-18 01:08:56.243165,3,Loyal Customers
CUST_00319,45,6,627.8825269411439,1,2025-07-15 01:08:56.243167,0,At Risk
CUST_00320,19,5,391.3268576310613,0,2025-05-09 01:08:56.243169,0,At Risk
CUST_00322,2,11,1121.0650700740562,0,2026-03-10 01:08:56.243173,3,Loyal Customers
CUST_00323,93,2,135.1148951720302,1,2025-06-20 01:08:56.243175,0,At Risk
CUST_00324,41,5,212.36407583858343,0,2025-08-17 01:08:56.243177,0,At Risk
CUST_00326,0,2,153.50095976406652,0,2026-01-29 01:08:56.243181,0,At Risk
CUST_00328,56,2,148.5874795903557,1,2025-10-05 01:08:56.243185,0,At Risk
CUST_00330,5,4,251.2577115237635,1,2025-12-04 01:08:56.243189,0,At Risk
CUST_00331,13,30,2807.370699116636,0,2025-06-13 01:08:56.243191,1,Champions
CUST_00332,54,4,146.98328573731848,0,2025-10-28 01:08:56.243193,0,At Risk
CUST_00333,68,4,509.3520646868829,1,2025-11-21 01:08:56.243195,0,At Risk
CUST_00334,20,11,951.0623496727346,0,2025-10-24 01:08:56.243197,3,Loyal Customers
CUST_00335,15,38,4040.471710855864,0,2025-06-28 01:08:56.243198,1,Champions
CUST_00336,6,7,467.8140328979713,0,2025-12-14 01:08:56.243200,0,At Risk
CUST_00337,24,10,587.725962156426,0,2025-06-02 01:08:56.243202,3,Loyal Customers
CUST_00338,28,4,453.28040428309214,0,2025-07-25 01:08:56.243204,0,At Risk
CUST_00339,184,1,23.38626832294096,1,2025-10-03 01:08:56.243206,2,Hibernating
CUST_00340,14,5,534.9041596985858,0,2026-02-17 01:08:56.243208,0,At Risk
CUST_00341,34,8,599.3783008151004,0,2025-10-09 01:08:56.243210,0,At Risk
CUST_00342,1,9,733.7861913731236,0,2025-07-24 01:08:56.243212,3,Loyal Customers
CUST_00343,50,1,94.34853315790376,0,2026-03-02 01:08:56.243214,0,At Risk
CUST_00344,15,1,104.57902626563416,0,2025-05-26 01:08:56.243216,0,At Risk
CUST_00345,7,6,672.0429197397749,0,2026-03-15 01:08:56.243218,0,At Risk
CUST_00347,11,9,814.5464384091404,0,2025-05-19 01:08:56.243222,3,Loyal Customers
CUST_00348,2,10,1175.5938813240143,0,2026-02-20 01:08:56.243224,3,Loyal Customers
CUST_00349,81,7,715.2136625178559,1,2025-10-06 01:08:56.243226,0,At Risk
CUST_00350,0,6,358.28112123375496,0,2026-03-08 01:08:56.243228,0,At Risk
CUST_00351,60,13,920.6015396485204,1,2025-05-11 01:08:56.243230,3,Loyal Customers
CUST_00352,72,2,129.5267300923066,1,2025-07-07 01:08:56.243232,0,At Risk
CUST_00353,0,8,2956.6689456098206,0,2025-11-06 01:08:56.243234,1,Champions
CUST_00354,18,6,502.05067418235456,1,2025-11-05 01:08:56.243236,0,At Risk
CUST_00355,107,1,67.72202116506375,1,2025-12-26 01:08:56.243238,2,Hibernating
CUST_00357,262,1,14.30677037488933,1,2025-06-13 01:08:56.243242,2,Hibernating
CUST_00358,48,6,468.8905247960797,0,2025-08-25 01:08:56.243244,0,At Risk
CUST_00359,24,4,465.4483757555931,0,2026-02-05 01:08:56.243246,0,At Risk
CUST_00360,24,14,900.8662016771342,0,2025-10-26 01:08:56.243249,3,Loyal Customers
CUST_00361,58,1,68.38765510993225,0,2025-09-23 01:08:56.243251,0,At Risk
CUST_00362,13,1,211.31605898047349,0,2026-01-24 01:08:56.243253,0,At Risk
CUST_00363,17,16,1371.3042916276213,0,2025-09-19 01:08:56.243255,3,Loyal Customers
CUST_00364,29,1,59.358027293725016,0,2025-11-23 01:08:56.243257,0,At Risk
CUST_00365,49,5,774.4082267027081,0,2025-10-29 01:08:56.243259,0,At Risk
CUST_00366,59,2,105.03806428341936,0,2025-05-18 01:08:56.243261,0,At Risk
CUST_00367,32,4,587.318331577873,0,2026-01-29 01:08:56.243263,0,At Risk
CUST_00371,57,4,1021.0253652272492,0,2025-05-06 01:08:56.243271,0,At Risk
CUST_00372,40,10,359.7081441451113,0,2025-06-30 01:08:56.243273,0,At Risk
CUST_00373,38,4,250.6302921937408,0,2026-02-02 01:08:56.243275,0,At Risk
CUST_00374,21,8,635.0187782447003,0,2025-12-17 01:08:56.243277,0,At Risk
CUST_00375,7,13,1249.9572726526408,0,2025-07-07 01:08:56.243279,3,Loyal Customers
CUST_00377,4,6,494.6521562138748,0,2026-01-27 01:08:56.243283,0,At Risk
CUST_00378,11,7,670.7467111352848,0,2025-12-10 01:08:56.243284,0,At Risk
CUST_00379,29,1,72.57503901824501,0,2026-03-23 01:08:56.243286,0,At Risk
CUST_00380,31,1,14.399325564127134,1,2025-12-15 01:08:56.243288,0,At Risk
CUST_00381,61,5,556.4648802536694,1,2025-09-13 01:08:56.243290,0,At Risk
CUST_00382,25,13,1180.059532073791,0,2025-07-09 01:08:56.243292,3,Loyal Customers
CUST_00383,0,9,412.7487443767144,0,2026-02-09 01:08:56.243294,0,At Risk
CUST_00384,153,3,167.50023220051477,1,2025-05-21 01:08:56.243296,2,Hibernating
CUST_00385,54,10,601.0844588126018,0,2025-05-24 01:08:56.243298,3,Loyal Customers
CUST_00386,49,5,305.0117218892495,0,2025-11-04 01:08:56.243300,0,At Risk
CUST_00387,17,7,699.2453091914942,0,2025-07-02 01:08:56.243302,0,At Risk
CUST_00388,12,2,206.9960863408948,0,2025-11-24 01:08:56.243304,0,At Risk
CUST_00389,17,1,22.64709624016858,0,2025-12-12 01:08:56.243306,0,At Risk
CUST_00390,7,9,566.0585762381265,0,2025-10-21 01:08:56.243308,3,Loyal Customers
CUST_00391,30,3,305.53666007861887,0,2025-11-01 01:08:56.243310,0,At Risk
CUST_00392,127,1,71.45140210537723,1,2025-11-03 01:08:56.243311,2,Hibernating
CUST_00393,2,18,1603.5152310102624,0,2025-11-28 01:08:56.243313,3,Loyal Customers
CUST_00395,213,1,39.47541050061057,1,2025-06-26 01:08:56.243317,2,Hibernating
CUST_00397,22,8,983.9935822092356,0,2026-01-29 01:08:56.243321,3,Loyal Customers
CUST_00398,40,7,810.9422011407034,0,2025-08-11 01:08:56.243323,3,Loyal Customers
CUST_00399,4,4,672.8809656476586,0,2025-12-01 01:08:56.243325,0,At Risk
CUST_00400,75,4,264.63505198950384,1,2025-05-14 01:08:56.243327,0,At Risk
CUST_00401,20,6,309.7853808312701,0,2025-06-22 01:08:56.243329,0,At Risk
CUST_00402,39,5,306.6842689142169,0,2025-11-21 01:08:56.243331,0,At Risk
CUST_00403,18,5,397.0208799316253,1,2025-11-19 01:08:56.243333,0,At Risk
CUST_00404,1,1,109.95516549817036,1,2026-01-29 01:08:56.243335,0,At Risk
CUST_00405,5,20,1294.6408076505493,0,2025-11-26 01:08:56.243337,3,Loyal Customers
CUST_00407,219,1,101.98633178139958,1,2025-08-01 01:08:56.243341,2,Hibernating
CUST_00408,17,4,935.8390144185204,0,2025-06-11 01:08:56.243343,0,At Risk
CUST_00409,1,20,1736.3933944563414,0,2025-12-22 01:08:56.243345,1,Champions
CUST_00410,6,3,574.7310472194613,0,2025-11-22 01:08:56.243347,0,At Risk
CUST_00412,22,1,75.84610845103028,0,2026-02-08 01:08:56.243351,0,At Risk
CUST_00413,15,2,135.8056773501466,0,2025-12-29 01:08:56.243352,0,At Risk
CUST_00414,39,3,380.44447093555937,1,2025-08-03 01:08:56.243354,0,At Risk
CUST_00415,26,10,1265.7674900470545,0,2025-06-29 01:08:56.243356,3,Loyal Customers
CUST_00416,1,44,3989.266589784718,0,2025-09-20 01:08:56.243358,1,Champions
CUST_00417,26,7,1176.4884565302416,0,2025-09-17 01:08:56.243360,3,Loyal Customers
CUST_00418,6,3,133.40501038815268,0,2026-01-18 01:08:56.243362,0,At Risk
CUST_00419,81,8,458.43682615790937,1,2025-06-23 01:08:56.243364,0,At Risk
CUST_00420,29,4,437.39410800305967,0,2025-07-24 01:08:56.243366,0,At Risk
CUST_00421,5,12,738.7978985509358,0,2026-01-11 01:08:56.243368,3,Loyal Customers
CUST_00422,66,3,138.99379235016656,0,2025-10-25 01:08:56.243370,0,At Risk
CUST_00423,82,2,139.71829660237557,1,2025-11-04 01:08:56.243372,0,At Risk
CUST_00424,8,5,459.47757096753065,0,2026-01-01 01:08:56.243374,0,At Risk
CUST_00425,67,6,372.29930129669134,1,2025-09-24 01:08:56.243376,0,At Risk
CUST_00426,38,6,649.81917048949,0,2025-06-16 01:08:56.243378,0,At Risk
CUST_00428,8,16,1556.5639812368809,0,2026-01-18 01:08:56.243381,3,Loyal Customers
CUST_00429,11,12,646.4921425638823,0,2026-02-09 01:08:56.243383,3,Loyal Customers
CUST_00430,1,5,379.3244240462111,0,2025-12-24 01:08:56.243385,0,At Risk
CUST_00431,2,16,1501.912016504484,0,2025-08-02 01:08:56.243387,3,Loyal Customers
CUST_00432,116,2,580.4285235500074,1,2025-09-05 01:08:56.243389,2,Hibernating
CUST_00433,32,4,424.15944951516815,0,2025-08-22 01:08:56.243391,0,At Risk
CUST_00434,0,10,1686.6604775281248,0,2026-02-17 01:08:56.243393,3,Loyal Customers
CUST_00435,4,3,299.9661477278597,0,2025-12-18 01:08:56.243395,0,At Risk
CUST_00436,21,3,107.88178816276576,0,2025-06-12 01:08:56.243397,0,At Risk
CUST_00437,2,3,170.04918884147534,1,2025-07-17 01:08:56.243399,0,At Risk
CUST_00439,2,6,663.577152035353,0,2026-03-05 01:08:56.243403,0,At Risk
CUST_00441,0,7,538.3017162837657,0,2026-03-18 01:08:56.243407,0,At Risk
CUST_00442,39,4,156.1619067516636,0,2025-07-25 01:08:56.243408,0,At Risk
CUST_00443,183,1,154.54613153081036,1,2025-05-07 01:08:56.243410,2,Hibernating
CUST_00444,13,4,423.7620891064468,0,2025-12-18 01:08:56.243412,0,At Risk
CUST_00445,0,7,821.9672788666489,0,2025-06-11 01:08:56.243417,3,Loyal Customers
CUST_00446,0,14,1471.4809382957014,0,2025-09-29 01:08:56.243419,3,Loyal Customers
CUST_00447,16,3,357.8165063308084,0,2025-08-17 01:08:56.243421,0,At Risk
CUST_00448,109,1,34.782447888441794,1,2025-07-21 01:08:56.243423,2,Hibernating
CUST_00449,40,12,681.1285727470616,0,2025-11-01 01:08:56.243425,3,Loyal Customers
CUST_00450,19,4,740.9888520639474,0,2025-12-22 01:08:56.243427,0,At Risk
CUST_00451,193,2,99.98176554516294,1,2025-07-14 01:08:56.243429,2,Hibernating
CUST_00452,40,4,332.98175520066275,0,2025-05-07 01:08:56.243431,0,At Risk
CUST_00453,1,22,1896.5526199915855,0,2026-03-24 01:08:56.243433,1,Champions
CUST_00454,6,3,58.02127994887252,0,2026-03-12 01:08:56.243434,0,At Risk
CUST_00455,96,2,314.16149786330857,1,2025-06-21 01:08:56.243436,2,Hibernating
CUST_00456,145,1,6.539538435229383,1,2025-07-24 01:08:56.243438,2,Hibernating
CUST_00457,227,2,155.1869501743254,1,2025-07-13 01:08:56.243440,2,Hibernating
CUST_00458,72,2,169.48502148380464,1,2025-10-19 01:08:56.243443,0,At Risk
CUST_00459,25,5,387.9134302561923,0,2025-10-27 01:08:56.243444,0,At Risk
CUST_00460,106,1,25.443477235683563,1,2025-10-01 01:08:56.243446,2,Hibernating
CUST_00461,1,24,1810.8780857346144,0,2025-10-16 01:08:56.243448,1,Champions
CUST_00462,6,12,1225.1842517309797,0,2026-02-23 01:08:56.243450,3,Loyal Customers
CUST_00463,16,8,541.0060264836392,0,2025-09-30 01:08:56.243452,0,At Risk
CUST_00464,2,11,899.8251942420768,0,2025-12-17 01:08:56.243454,3,Loyal Customers
CUST_00466,0,5,178.35226198953973,0,2025-05-09 01:08:56.243458,0,At Risk
CUST_00467,45,4,979.7224790659918,0,2026-01-22 01:08:56.243460,0,At Risk
CUST_00468,12,16,876.0746611436917,1,2025-10-11 01:08:56.243462,3,Loyal Customers
CUST_00469,26,8,981.7424540499342,0,2025-05-02 01:08:56.243464,3,Loyal Customers
CUST_00471,0,23,1936.593384931731,0,2026-02-12 01:08:56.243468,1,Champions
CUST_00473,1,11,915.2753178726578,0,2026-03-16 01:08:56.243472,3,Loyal Customers
CUST_00474,6,20,2275.669177609336,0,2025-12-23 01:08:56.243474,1,Champions
CUST_00475,111,2,243.93966845399908,1,2025-05-30 01:08:56.243475,2,Hibernating
CUST_00476,17,8,659.8919190233624,0,2025-07-18 01:08:56.243477,3,Loyal Customers
CUST_00478,19,5,332.04673483655046,1,2026-02-21 01:08:56.243486,0,At Risk
CUST_00479,32,5,276.3488359316002,1,2025-08-25 01:08:56.243488,0,At Risk
CUST_00480,50,8,632.3775489844872,0,2025-12-28 01:08:56.243490,0,At Risk
CUST_00481,30,16,1076.9125395683675,0,2025-07-07 01:08:56.243492,3,Loyal Customers
CUST_00482,6,11,905.9878487931124,0,2025-12-25 01:08:56.243494,3,Loyal Customers
CUST_00483,0,7,1174.4706463322386,0,2025-12-28 01:08:56.243496,3,Loyal Customers
CUST_00484,6,13,879.3573596079751,0,2025-12-03 01:08:56.243498,3,Loyal Customers
CUST_00485,24,10,1128.0639871469368,0,2025-12-13 01:08:56.243500,3,Loyal Customers
CUST_00487,1,35,4032.310806502623,0,2025-05-18 01:08:56.243504,1,Champions
CUST_00488,2,1,17.62544311139314,0,2025-12-04 01:08:56.243506,0,At Risk
CUST_00489,9,11,1995.058894258872,0,2026-01-12 01:08:56.243507,3,Loyal Customers
CUST_00490,5,3,385.01809305895415,0,2025-08-23 01:08:56.243509,0,At Risk
CUST_00491,230,1,21.765032783217045,1,2025-06-24 01:08:56.243511,2,Hibernating
CUST_00492,58,3,475.0382531724073,0,2025-07-22 01:08:56.243513,0,At Risk
CUST_00493,122,6,410.3984027580361,1,2025-10-15 01:08:56.243515,2,Hibernating
CUST_00494,36,1,44.22064119750039,0,2025-09-17 01:08:56.243517,0,At Risk
CUST_00495,28,1,179.3241338769475,0,2025-08-13 01:08:56.243519,0,At Risk
CUST_00496,1,4,328.84527033100966,0,2025-10-02 01:08:56.243521,0,At Risk
CUST_00497,2,19,1878.6843589050332,0,2025-12-19 01:08:56.243523,1,Champions
CUST_00498,17,4,111.84285982262752,0,2026-02-20 01:08:56.243525,0,At Risk
CUST_00499,83,1,87.93337245771005,1,2025-12-22 01:08:56.243527,0,At Risk
CUST_00500,114,5,203.0162024664276,1,2025-10-27 01:08:56.243529,2,Hibernating
CUST_00502,19,15,848.6016280677857,0,2025-09-19 01:08:56.243533,3,Loyal Customers
CUST_00503,67,13,926.2890174238676,1,2025-08-16 01:08:56.243534,3,Loyal Customers
CUST_00504,40,5,225.9821262648077,0,2026-02-19 01:08:56.243537,0,At Risk
CUST_00506,6,9,1686.7819820731406,0,2025-09-26 01:08:56.243540,3,Loyal Customers
CUST_00507,13,7,1115.8910310239808,0,2026-03-15 01:08:56.243542,3,Loyal Customers
CUST_00508,3,19,1744.0289816771597,0,2025-06-22 01:08:56.243544,1,Champions
CUST_00509,12,10,1057.3949325956537,0,2025-08-23 01:08:56.243546,3,Loyal Customers
CUST_00510,56,14,1857.9648439666676,0,2025-06-15 01:08:56.243548,3,Loyal Customers
CUST_00511,11,5,227.16750772369284,0,2025-06-28 01:08:56.243550,0,At Risk
CUST_00512,47,1,19.046083504105003,0,2026-01-25 01:08:56.243552,0,At Risk
CUST_00513,12,19,1844.9867886104416,0,2026-01-03 01:08:56.243554,1,Champions
CUST_00514,27,8,479.2349368358552,0,2025-08-23 01:08:56.243556,0,At Risk
CUST_00515,0,9,1124.2856595062,0,2025-09-22 01:08:56.243558,3,Loyal Customers
CUST_00516,8,4,317.4722565331568,0,2026-03-09 01:08:56.243560,0,At Risk
CUST_00517,5,6,1422.3415025383931,0,2025-10-02 01:08:56.243562,3,Loyal Customers
CUST_00518,3,4,282.8487403737647,0,2025-12-18 01:08:56.243564,0,At Risk
CUST_00519,16,2,56.90703899138352,0,2025-08-07 01:08:56.243566,0,At Risk
CUST_00521,25,2,136.49586956184692,0,2025-07-06 01:08:56.243570,0,At Risk
CUST_00522,37,13,1483.1465972325582,1,2025-06-17 01:08:56.243572,3,Loyal Customers
CUST_00523,41,8,619.3984666035877,0,2025-09-03 01:08:56.243574,0,At Risk
CUST_00524,77,2,32.649215892627694,1,2025-08-17 01:08:56.243576,0,At Risk
CUST_00525,9,5,583.9341575209547,0,2026-02-04 01:08:56.243578,0,At Risk
CUST_00526,90,1,79.1846209529694,1,2025-11-04 01:08:56.243580,0,At Risk
CUST_00527,20,6,1184.7011758088752,0,2026-01-18 01:08:56.243582,3,Loyal Customers
CUST_00528,1,1,9.91055736583306,0,2025-12-19 01:08:56.243583,0,At Risk
CUST_00529,22,1,28.287208831204424,0,2026-03-03 01:08:56.243585,0,At Risk
CUST_00530,58,1,68.86005085948094,0,2026-02-03 01:08:56.243587,0,At Risk
CUST_00531,18,3,50.91393265914471,0,2025-10-28 01:08:56.243591,0,At Risk
CUST_00532,74,1,43.86328890392444,1,2025-11-04 01:08:56.243593,0,At Risk
CUST_00533,32,1,77.24593238070865,0,2026-01-30 01:08:56.243595,0,At Risk
CUST_00534,38,1,20.15155768473793,1,2026-02-17 01:08:56.243597,0,At Risk
CUST_00535,0,1,107.62012430213146,0,2025-12-09 01:08:56.243599,0,At Risk
CUST_00536,17,4,156.8990722207457,0,2025-09-28 01:08:56.243601,0,At Risk
CUST_00537,7,13,1067.5123912595543,0,2026-02-14 01:08:56.243602,3,Loyal Customers
CUST_00539,8,6,479.32772256678567,0,2025-08-17 01:08:56.243606,0,At Risk
CUST_00541,39,1,58.46703343516638,0,2025-11-15 01:08:56.243610,0,At Risk
CUST_00542,28,8,538.726324838138,0,2025-10-16 01:08:56.243612,0,At Risk
CUST_00543,25,5,486.5834925511096,0,2025-08-25 01:08:56.243614,0,At Risk
CUST_00544,13,10,961.5383029396264,0,2025-08-19 01:08:56.243616,3,Loyal Customers
CUST_00545,26,5,340.180802837028,0,2025-08-05 01:08:56.243618,0,At Risk
CUST_00546,11,24,2222.998102130436,0,2025-05-01 01:08:56.243620,1,Champions
CUST_00548,77,2,47.6350877939926,1,2025-08-01 01:08:56.243624,0,At Risk
CUST_00550,10,1,93.14099946676914,0,2026-03-19 01:08:56.243628,0,At Risk
CUST_00551,24,5,391.9488840393779,0,2026-01-13 01:08:56.243629,0,At Risk
CUST_00552,25,11,1064.6160911344575,0,2025-07-18 01:08:56.243631,3,Loyal Customers
CUST_00553,151,1,157.61477369435525,1,2025-08-10 01:08:56.243633,2,Hibernating
CUST_00554,2,15,1893.7869598150512,0,2026-03-21 01:08:56.243635,3,Loyal Customers
CUST_00555,9,13,737.2714641021273,0,2025-10-05 01:08:56.243637,3,Loyal Customers
CUST_00556,63,3,160.96778984600263,1,2025-11-07 01:08:56.243639,0,At Risk
CUST_00559,109,1,220.42149066464685,1,2025-06-18 01:08:56.243645,2,Hibernating
CUST_00560,59,2,173.55872970903584,0,2025-11-26 01:08:56.243647,0,At Risk
CUST_00561,18,7,1130.0862652802352,0,2025-09-15 01:08:56.243649,3,Loyal Customers
CUST_00562,19,2,56.10291839218192,0,2026-03-23 01:08:56.243651,0,At Risk
CUST_00563,11,3,106.16741549125416,0,2026-02-27 01:08:56.243652,0,At Risk
CUST_00564,4,26,2323.231595222011,0,2025-10-14 01:08:56.243654,1,Champions
CUST_00565,7,6,392.44458965842153,0,2025-11-12 01:08:56.243656,0,At Risk
CUST_00566,54,17,1611.466817148929,1,2025-05-11 01:08:56.243658,3,Loyal Customers
CUST_00567,110,4,289.02639871127536,1,2025-11-03 01:08:56.243660,2,Hibernating
CUST_00568,64,3,88.39725679556793,1,2025-05-05 01:08:56.243662,0,At Risk
CUST_00569,5,6,804.2887782706235,0,2025-08-23 01:08:56.243664,3,Loyal Customers
CUST_00570,113,1,110.98192992409469,1,2025-05-31 01:08:56.243666,2,Hibernating
CUST_00572,90,4,262.33476487395137,1,2025-06-09 01:08:56.243670,0,At Risk
CUST_00573,2,10,753.7249471640276,0,2026-01-17 01:08:56.243672,3,Loyal Customers
CUST_00574,47,5,1095.4141682297695,0,2025-07-19 01:08:56.243674,3,Loyal Customers
CUST_00575,108,1,114.8069595864236,1,2025-06-26 01:08:56.243676,2,Hibernating
CUST_00576,93,3,214.24253289621456,1,2025-09-27 01:08:56.243678,0,At Risk
CUST_00578,26,4,425.2014763838881,0,2025-12-27 01:08:56.243681,0,At Risk
CUST_00579,185,2,92.3847573502334,1,2025-09-07 01:08:56.243683,2,Hibernating
CUST_00580,25,1,418.1702488492148,1,2026-03-09 01:08:56.243685,0,At Risk
CUST_00581,0,15,1391.578294058565,0,2026-02-17 01:08:56.243687,3,Loyal Customers
CUST_00582,74,3,158.17411238819767,1,2025-11-22 01:08:56.243689,0,At Risk
CUST_00583,0,15,903.6904095865132,1,2025-10-06 01:08:56.243691,3,Loyal Customers
CUST_00584,90,1,36.35270506791424,1,2025-11-07 01:08:56.243693,0,At Risk
CUST_00585,40,2,57.100505336079024,0,2025-07-29 01:08:56.243695,0,At Risk
CUST_00586,85,1,12.40559644360254,1,2025-08-20 01:08:56.243697,0,At Risk
CUST_00587,59,1,21.67331128482594,1,2025-11-22 01:08:56.243699,0,At Risk
CUST_00589,39,6,2099.0268489060554,0,2025-10-31 01:08:56.243703,3,Loyal Customers
CUST_00590,89,7,527.9433192877312,1,2025-05-15 01:08:56.243704,0,At Risk
CUST_00591,2,9,768.3082649710902,0,2026-03-27 01:08:56.243706,3,Loyal Customers
CUST_00592,22,4,325.1552963804112,0,2025-09-19 01:08:56.243708,0,At Risk
CUST_00593,19,17,1543.5488258578669,0,2025-09-18 01:08:56.243710,3,Loyal Customers
CUST_00596,149,1,58.53049126774709,1,2025-11-14 01:08:56.243716,2,Hibernating
CUST_00597,2,10,460.7646700486464,0,2026-01-29 01:08:56.243718,3,Loyal Customers
CUST_00598,1,39,2515.0524652342347,0,2026-02-12 01:08:56.243720,1,Champions
CUST_00599,50,2,77.50466619454654,0,2025-10-06 01:08:56.243722,0,At Risk
CUST_00600,19,11,859.5262613942772,0,2025-10-19 01:08:56.243724,3,Loyal Customers
CUST_00601,11,11,883.1603961623019,0,2025-10-06 01:08:56.243726,3,Loyal Customers
CUST_00602,116,2,363.880192377822,1,2025-05-15 01:08:56.243728,2,Hibernating
CUST_00603,80,3,328.5644301817541,1,2025-05-29 01:08:56.243730,0,At Risk
CUST_00604,45,1,303.79663046284435,0,2025-10-30 01:08:56.243732,0,At Risk
CUST_00605,5,29,2972.1047462226907,0,2026-01-07 01:08:56.243734,1,Champions
CUST_00607,6,8,417.3505118668669,0,2025-09-06 01:08:56.243738,0,At Risk
CUST_00608,26,5,263.97632464050184,0,2025-07-19 01:08:56.243739,0,At Risk
CUST_00609,125,2,42.20672671312377,1,2025-08-11 01:08:56.243741,2,Hibernating
CUST_00610,66,3,571.2226790520353,1,2025-10-15 01:08:56.243743,0,At Risk
CUST_00611,0,11,751.8116695875297,1,2025-08-13 01:08:56.243745,3,Loyal Customers
CUST_00612,17,10,776.5148786783636,0,2025-11-01 01:08:56.243747,3,Loyal Customers
CUST_00613,3,6,1133.6334855952473,1,2026-03-08 01:08:56.243749,3,Loyal Customers
CUST_00614,0,11,909.6916936182254,1,2026-02-09 01:08:56.243751,3,Loyal Customers
CUST_00616,47,7,613.1641249821706,1,2025-05-27 01:08:56.243758,0,At Risk
CUST_00618,50,4,342.35123043004603,0,2025-11-05 01:08:56.243761,0,At Risk
CUST_00619,2,8,1492.6919921248957,0,2026-03-27 01:08:56.243763,3,Loyal Customers
CUST_00620,9,2,63.30065497197147,0,2026-02-02 01:08:56.243765,0,At Risk
CUST_00621,64,7,357.21724623705137,0,2025-07-12 01:08:56.243767,0,At Risk
CUST_00622,2,30,2242.813463181287,0,2025-11-04 01:08:56.243769,1,Champions
CUST_00623,34,2,150.46371434358213,0,2026-03-16 01:08:56.243771,0,At Risk
CUST_00624,96,7,596.7530196809909,1,2025-05-02 01:08:56.243774,0,At Risk
CUST_00625,50,2,64.19836363402858,1,2025-08-16 01:08:56.243776,0,At Risk
CUST_00626,27,1,32.781848100662245,0,2025-06-29 01:08:56.243777,0,At Risk
CUST_00627,25,4,493.97946165803575,0,2025-10-23 01:08:56.243780,0,At Risk
CUST_00628,0,17,1148.572969385184,0,2026-03-20 01:08:56.243781,3,Loyal Customers
CUST_00629,34,12,1392.2574554576083,0,2025-11-26 01:08:56.243783,3,Loyal Customers
CUST_00630,13,7,676.4188084913154,0,2025-10-15 01:08:56.243785,0,At Risk
CUST_00631,1,36,3670.1303019017455,0,2025-12-28 01:08:56.243787,1,Champions
CUST_00633,33,2,60.812582076055584,1,2025-09-23 01:08:56.243791,0,At Risk
CUST_00634,15,8,668.3758925829136,0,2025-05-16 01:08:56.243793,3,Loyal Customers
CUST_00635,10,4,151.16371901979522,0,2025-10-01 01:08:56.243795,0,At Risk
CUST_00636,36,3,408.0072387021688,0,2026-02-28 01:08:56.243797,0,At Risk
CUST_00637,11,2,279.7956919040741,0,2025-08-20 01:08:56.243799,0,At Risk
CUST_00638,18,4,753.5433090907932,0,2026-02-15 01:08:56.243801,0,At Risk
CUST_00639,56,3,184.5192918137913,0,2025-08-12 01:08:56.243803,0,At Risk
CUST_00641,159,1,62.11101277259824,1,2025-11-03 01:08:56.243807,2,Hibernating
CUST_00642,36,8,550.700308169806,1,2025-09-08 01:08:56.243809,0,At Risk
CUST_00643,51,5,232.35411610193952,0,2025-08-28 01:08:56.243811,0,At Risk
CUST_00645,41,6,330.2100985845196,0,2025-07-31 01:08:56.243815,0,At Risk
CUST_00647,16,1,132.5074302369146,0,2026-02-21 01:08:56.243819,0,At Risk
CUST_00648,17,12,448.3268415379652,0,2025-07-18 01:08:56.243821,3,Loyal Customers
CUST_00649,17,6,653.576170127739,0,2026-01-05 01:08:56.243822,0,At Risk
CUST_00651,17,5,635.3679042594639,0,2025-09-12 01:08:56.243826,0,At Risk
CUST_00652,47,5,1127.9696062005137,0,2025-05-29 01:08:56.243828,3,Loyal Customers
CUST_00653,0,10,546.8315086324053,0,2026-03-18 01:08:56.243830,3,Loyal Customers
CUST_00654,6,9,1058.6805897554168,0,2025-05-20 01:08:56.243832,3,Loyal Customers
CUST_00655,64,6,2218.8048400914813,0,2025-06-15 01:08:56.243834,3,Loyal Customers
CUST_00656,66,6,210.36156840969187,1,2025-07-29 01:08:56.243836,0,At Risk
CUST_00657,101,2,63.89782420134077,1,2025-07-20 01:08:56.243838,2,Hibernating
CUST_00658,1,1,8.661503030166331,0,2026-03-23 01:08:56.243840,0,At Risk
CUST_00659,20,3,177.3242330415526,0,2025-11-29 01:08:56.243842,0,At Risk
CUST_00660,6,9,1035.773370710917,0,2025-06-12 01:08:56.243844,3,Loyal Customers
CUST_00661,10,8,504.0307312693756,0,2026-01-22 01:08:56.243846,0,At Risk
CUST_00663,74,1,109.8461649742492,1,2025-08-16 01:08:56.243850,0,At Risk
CUST_00664,109,4,502.81799715930686,1,2025-08-01 01:08:56.243852,2,Hibernating
CUST_00665,39,2,181.6660845085061,0,2025-10-02 01:08:56.243854,0,At Risk
CUST_00666,35,8,510.4814754030261,0,2025-07-04 01:08:56.243856,0,At Risk
CUST_00668,4,3,195.8127756530922,0,2026-01-24 01:08:56.243860,0,At Risk
CUST_00669,19,18,1517.4513440684789,0,2025-08-23 01:08:56.243862,3,Loyal Customers
CUST_00671,1,2,60.139325455438566,1,2025-06-18 01:08:56.243866,0,At Risk
CUST_00673,60,3,1435.4903070698267,0,2025-12-20 01:08:56.243870,3,Loyal Customers
CUST_00674,61,3,204.47590378442183,1,2025-12-13 01:08:56.243872,0,At Risk
CUST_00675,40,4,2076.166538566594,0,2025-12-19 01:08:56.243874,3,Loyal Customers
CUST_00676,21,3,173.82930161699275,0,2025-05-21 01:08:56.243875,0,At Risk
CUST_00677,7,14,1837.659871802934,1,2026-03-22 01:08:56.243877,3,Loyal Customers
CUST_00678,107,2,104.05660835490347,1,2025-09-12 01:08:56.243880,2,Hibernating
CUST_00680,13,13,1266.5730471812278,0,2025-07-12 01:08:56.243883,3,Loyal Customers
CUST_00681,5,3,305.3121294886,0,2026-03-05 01:08:56.243885,0,At Risk
CUST_00682,1,12,504.40655702842287,0,2026-02-03 01:08:56.243887,3,Loyal Customers
CUST_00683,79,3,426.4655736519476,1,2025-10-14 01:08:56.243889,0,At Risk
CUST_00684,8,12,674.172060484739,0,2025-09-07 01:08:56.243891,3,Loyal Customers
CUST_00685,10,4,269.5187713185145,0,2026-01-04 01:08:56.243893,0,At Risk
CUST_00686,8,8,532.8164018922234,0,2025-11-03 01:08:56.243895,0,At Risk
CUST_00687,6,12,1044.0084605763395,0,2026-01-02 01:08:56.243897,3,Loyal Customers
CUST_00688,10,3,225.35010634520452,1,2026-01-09 01:08:56.243899,0,At Risk
CUST_00690,13,3,486.1195953435925,0,2026-02-05 01:08:56.243903,0,At Risk
CUST_00691,6,1,90.66448902343365,0,2025-10-06 01:08:56.243905,0,At Risk
CUST_00692,14,3,448.2769251405508,0,2025-09-04 01:08:56.243906,0,At Risk
CUST_00693,18,7,1009.4217788271004,0,2025-07-11 01:08:56.243908,3,Loyal Customers
CUST_00694,66,4,380.3938050086643,1,2025-06-13 01:08:56.243910,0,At Risk
CUST_00695,16,7,307.6751912287195,1,2026-02-22 01:08:56.243912,0,At Risk
CUST_00696,11,4,324.2261188874449,0,2025-12-23 01:08:56.243914,0,At Risk
CUST_00697,41,5,1160.7767564719093,0,2026-01-15 01:08:56.243916,3,Loyal Customers
CUST_00701,9,4,322.2809354093464,0,2025-10-17 01:08:56.243928,0,At Risk
CUST_00702,30,1,93.71333959794774,0,2025-11-30 01:08:56.243930,0,At Risk
CUST_00704,50,2,166.35520827331885,0,2025-05-26 01:08:56.243934,0,At Risk
CUST_00705,27,9,1034.455096254836,0,2025-07-03 01:08:56.243936,3,Loyal Customers
CUST_00707,101,2,126.64082098688624,1,2025-08-04 01:08:56.243940,2,Hibernating
CUST_00708,0,9,899.7432394175833,0,2025-08-18 01:08:56.243942,3,Loyal Customers
CUST_00709,46,13,1077.968869759372,0,2025-07-20 01:08:56.243944,3,Loyal Customers
CUST_00710,1,14,815.1593055355777,0,2025-05-19 01:08:56.243946,3,Loyal Customers
CUST_00713,0,17,1422.011142543102,0,2025-05-29 01:08:56.243952,3,Loyal Customers
CUST_00714,55,5,1032.092851204587,0,2025-09-02 01:08:56.243954,3,Loyal Customers
CUST_00715,4,3,71.45508295324443,0,2025-08-11 01:08:56.243956,0,At Risk
CUST_00716,3,9,846.5832651826578,0,2026-01-21 01:08:56.243958,3,Loyal Customers
CUST_00717,4,8,794.2537396471546,0,2026-01-12 01:08:56.243960,3,Loyal Customers
CUST_00718,5,13,1409.012874647481,1,2025-12-15 01:08:56.243962,3,Loyal Customers
CUST_00719,3,37,2992.498205670862,0,2025-09-17 01:08:56.243964,1,Champions
CUST_00720,5,9,697.9252545899678,0,2025-07-19 01:08:56.243966,3,Loyal Customers
CUST_00721,209,1,102.80342155838972,1,2025-08-14 01:08:56.243968,2,Hibernating
CUST_00722,19,17,1767.7147287768912,0,2025-06-07 01:08:56.243970,3,Loyal Customers
CUST_00723,268,1,21.53519188520468,1,2025-05-26 01:08:56.243972,2,Hibernating
CUST_00724,3,4,1141.5547457821006,0,2025-12-20 01:08:56.243974,3,Loyal Customers
CUST_00725,19,6,430.7864867273244,0,2025-06-15 01:08:56.243975,0,At Risk
CUST_00726,31,2,248.7569614066675,0,2025-04-27 01:08:56.243977,0,At Risk
CUST_00727,272,1,49.589135704203805,1,2025-05-24 01:08:56.243979,2,Hibernating
CUST_00729,41,14,1024.2905611736146,0,2025-10-13 01:08:56.243983,3,Loyal Customers
CUST_00730,58,8,837.6738212347684,0,2025-04-27 01:08:56.243985,3,Loyal Customers
CUST_00731,3,7,802.4657137647679,1,2026-02-26 01:08:56.243987,3,Loyal Customers
CUST_00732,136,3,406.8507259215913,1,2025-07-24 01:08:56.243989,2,Hibernating
CUST_00733,12,10,840.3055693614972,0,2025-12-12 01:08:56.243991,3,Loyal Customers
CUST_00734,1,17,1441.213878551963,0,2026-02-05 01:08:56.243993,3,Loyal Customers
CUST_00735,32,3,429.78551551852536,0,2026-01-06 01:08:56.243995,0,At Risk
CUST_00736,5,3,84.10814947251025,0,2025-11-15 01:08:56.243997,0,At Risk
CUST_00738,1,21,2195.852629727801,0,2025-11-10 01:08:56.244001,1,Champions
CUST_00739,49,1,193.60095048615403,0,2025-09-25 01:08:56.244003,0,At Risk
CUST_00740,22,17,985.7258702789436,0,2025-05-02 01:08:56.244005,3,Loyal Customers
CUST_00741,40,4,176.5519432651065,0,2025-06-28 01:08:56.244007,0,At Risk
CUST_00742,6,4,101.00304029366332,0,2026-01-18 01:08:56.244009,0,At Risk
CUST_00743,8,11,1449.8000926526963,0,2026-02-22 01:08:56.244011,3,Loyal Customers
CUST_00744,18,5,596.5339722418888,0,2025-07-09 01:08:56.244013,0,At Risk
CUST_00745,3,18,2207.576812516486,0,2026-02-03 01:08:56.244015,1,Champions
CUST_00746,67,3,187.74299456374777,1,2025-09-04 01:08:56.244017,0,At Risk
CUST_00747,133,1,179.82765419682164,1,2025-11-22 01:08:56.244019,2,Hibernating
CUST_00748,13,7,1125.782254894709,0,2025-08-05 01:08:56.244021,3,Loyal Customers
CUST_00749,12,8,316.5210031257251,0,2026-02-13 01:08:56.244023,0,At Risk
CUST_00750,76,6,788.6945562554482,1,2025-07-31 01:08:56.244025,0,At Risk
CUST_00751,54,2,47.12594308954268,0,2025-12-07 01:08:56.244027,0,At Risk
CUST_00752,36,5,510.6536124045613,0,2025-07-22 01:08:56.244029,0,At Risk
CUST_00753,132,1,21.865652073935788,1,2025-10-28 01:08:56.244031,2,Hibernating
CUST_00754,148,4,421.4673516558632,1,2025-09-26 01:08:56.244033,2,Hibernating
CUST_00755,18,7,448.6411404644685,0,2025-12-23 01:08:56.244035,0,At Risk
CUST_00756,0,3,167.91459075103592,1,2026-03-20 01:08:56.244037,0,At Risk
CUST_00757,19,3,206.4419408365228,0,2025-09-25 01:08:56.244039,0,At Risk
CUST_00758,169,1,177.5310842707986,1,2025-06-20 01:08:56.244041,2,Hibernating
CUST_00759,171,1,127.543369087946,1,2025-09-14 01:08:56.244043,2,Hibernating
CUST_00760,190,1,3.3219473844958305,1,2025-09-14 01:08:56.244045,2,Hibernating
CUST_00761,8,12,1230.9994078594918,0,2025-10-24 01:08:56.244046,3,Loyal Customers
CUST_00762,1,13,1404.6020610224273,0,2025-12-25 01:08:56.244049,3,Loyal Customers
CUST_00763,45,3,334.8077937429472,0,2025-10-19 01:08:56.244051,0,At Risk
CUST_00764,4,7,623.3764596944944,0,2026-01-26 01:08:56.244053,0,At Risk
CUST_00765,7,11,1442.829924864601,0,2025-11-26 01:08:56.244055,3,Loyal Customers
CUST_00766,4,15,996.958838689008,0,2026-02-05 01:08:56.244057,3,Loyal Customers
CUST_00768,3,16,1637.521253450578,0,2026-03-23 01:08:56.244061,3,Loyal Customers
CUST_00769,104,1,73.84050073576539,1,2025-12-26 01:08:56.244063,2,Hibernating
CUST_00770,24,7,1002.9660954619352,0,2025-10-09 01:08:56.244065,3,Loyal Customers
CUST_00771,277,1,67.98172489353952,1,2025-05-15 01:08:56.244067,2,Hibernating
CUST_00772,12,5,346.8026941749772,0,2026-03-06 01:08:56.244069,0,At Risk
CUST_00774,3,2,177.3134012009441,0,2026-03-27 01:08:56.244073,0,At Risk
CUST_00775,4,4,70.0941555017081,0,2025-11-15 01:08:56.244075,0,At Risk
CUST_00776,0,6,960.7873699861196,0,2025-08-07 01:08:56.244077,3,Loyal Customers
CUST_00777,3,13,1134.6302213587064,0,2026-03-16 01:08:56.244079,3,Loyal Customers
CUST_00778,4,2,150.86501947507298,0,2026-02-10 01:08:56.244081,0,At Risk
CUST_00779,3,14,1089.9313679449408,0,2026-02-22 01:08:56.244083,3,Loyal Customers
CUST_00780,14,12,988.1784571017056,0,2026-01-09 01:08:56.244087,3,Loyal Customers
CUST_00781,52,8,462.1162035287632,0,2025-08-22 01:08:56.244090,0,At Risk
CUST_00783,7,8,602.6602658986042,0,2026-01-14 01:08:56.244097,3,Loyal Customers
CUST_00784,2,18,2189.9187751653794,0,2025-06-19 01:08:56.244100,1,Champions
CUST_00785,133,4,189.16853788826023,1,2025-07-22 01:08:56.244107,2,Hibernating
CUST_00787,54,4,329.5474014815171,0,2025-11-27 01:08:56.244113,0,At Risk
CUST_00788,27,8,2379.2465052883053,1,2025-08-26 01:08:56.244116,3,Loyal Customers
CUST_00789,37,5,546.0576322334703,0,2025-08-01 01:08:56.244119,0,At Risk
CUST_00791,104,1,97.45912827782132,1,2025-12-11 01:08:56.244126,2,Hibernating
CUST_00792,8,13,1262.171064961618,0,2025-05-13 01:08:56.244129,3,Loyal Customers
CUST_00793,20,6,701.910063276207,0,2026-02-08 01:08:56.244132,0,At Risk
CUST_00794,78,1,139.36766429723272,1,2026-01-26 01:08:56.244134,0,At Risk
CUST_00795,3,14,1055.810248637494,0,2026-03-02 01:08:56.244136,3,Loyal Customers
CUST_00796,236,2,1762.1144963132665,1,2025-06-09 01:08:56.244138,2,Hibernating
CUST_00797,102,6,391.96099396721513,1,2025-07-14 01:08:56.244140,2,Hibernating
CUST_00798,4,9,998.8002166957402,1,2026-03-20 01:08:56.244142,3,Loyal Customers
CUST_00799,8,11,580.9448089003678,0,2025-12-05 01:08:56.244144,3,Loyal Customers
CUST_00800,16,13,1329.6018060812055,0,2025-07-18 01:08:56.244146,3,Loyal Customers
CUST_00801,194,1,314.71719873290914,1,2025-09-29 01:08:56.244148,2,Hibernating
CUST_00802,69,11,691.2866618437578,1,2025-09-02 01:08:56.244150,3,Loyal Customers
CUST_00804,40,5,555.8316176376673,0,2025-11-21 01:08:56.244154,0,At Risk
CUST_00805,0,9,1102.2743746451806,0,2026-01-31 01:08:56.244156,3,Loyal Customers
CUST_00806,45,11,705.8133774681033,0,2025-08-26 01:08:56.244158,3,Loyal Customers
CUST_00807,13,2,124.25025038387793,0,2026-03-14 01:08:56.244160,0,At Risk
CUST_00808,5,18,1652.3712623550898,0,2026-02-28 01:08:56.244162,3,Loyal Customers
CUST_00811,32,6,551.259404901563,0,2025-10-25 01:08:56.244168,0,At Risk
CUST_00812,14,5,300.30523773586475,0,2026-03-14 01:08:56.244171,0,At Risk
CUST_00813,63,11,751.1295342504726,1,2025-09-22 01:08:56.244174,3,Loyal Customers
CUST_00814,86,6,961.6336817494456,0,2025-05-20 01:08:56.244178,0,At Risk
CUST_00815,0,1,203.45405760194583,0,2026-03-21 01:08:56.244182,0,At Risk
CUST_00816,0,14,950.0699437778012,0,2026-03-25 01:08:56.244229,3,Loyal Customers
CUST_00817,90,3,180.9594322980568,1,2025-12-07 01:08:56.244242,0,At Risk
CUST_00818,60,1,125.25691587942924,0,2025-08-02 01:08:56.244249,0,At Risk
CUST_00819,38,6,563.5839854689448,0,2025-08-01 01:08:56.244258,0,At Risk
CUST_00820,7,2,66.7729706088586,0,2025-06-27 01:08:56.244267,0,At Risk
CUST_00821,52,7,410.58823531625467,0,2025-06-07 01:08:56.244276,0,At Risk
CUST_00822,17,2,94.0269814244743,0,2025-08-13 01:08:56.244285,0,At Risk
CUST_00823,10,9,772.3796508036143,1,2026-03-13 01:08:56.244293,3,Loyal Customers
CUST_00824,5,16,918.7960840416556,0,2025-09-17 01:08:56.244300,3,Loyal Customers
CUST_00825,16,5,488.8104137229639,0,2025-11-29 01:08:56.244305,0,At Risk
CUST_00827,18,13,1403.3366505407373,0,2025-09-07 01:08:56.244313,3,Loyal Customers
CUST_00828,4,6,884.9369734618388,0,2026-02-17 01:08:56.244319,3,Loyal Customers
CUST_00829,9,7,572.0602664819621,0,2025-06-28 01:08:56.244327,0,At Risk
CUST_00830,7,2,70.52232829016145,0,2025-08-09 01:08:56.244331,0,At Risk
CUST_00831,6,13,1084.2252411854308,1,2026-01-01 01:08:56.244336,3,Loyal Customers
CUST_00832,7,8,905.6742482179284,0,2025-11-22 01:08:56.244340,3,Loyal Customers
CUST_00833,116,1,194.59903163883655,1,2025-06-01 01:08:56.244345,2,Hibernating
CUST_00834,25,2,390.5468291359133,0,2026-03-03 01:08:56.244350,0,At Risk
CUST_00835,53,11,979.339543926482,0,2025-11-03 01:08:56.244354,3,Loyal Customers
CUST_00837,2,20,1762.0217237687707,0,2025-08-28 01:08:56.244363,1,Champions
CUST_00838,1,6,543.8380594679506,0,2026-03-03 01:08:56.244367,0,At Risk
CUST_00839,22,5,362.82748216147166,0,2026-01-19 01:08:56.244371,0,At Risk
CUST_00840,28,1,84.29836668913997,0,2026-01-20 01:08:56.244376,0,At Risk
CUST_00841,63,1,34.84674760340072,0,2025-08-07 01:08:56.244380,0,At Risk
CUST_00842,5,16,953.6439643945572,0,2025-12-09 01:08:56.244384,3,Loyal Customers
CUST_00843,22,1,65.99951523082747,0,2025-11-02 01:08:56.244389,0,At Risk
CUST_00844,8,9,916.8301274067508,0,2025-12-07 01:08:56.244393,3,Loyal Customers
CUST_00845,85,4,234.76133317443103,1,2025-08-12 01:08:56.244397,0,At Risk
CUST_00846,23,2,1083.8248079066211,0,2025-12-07 01:08:56.244402,0,At Risk
CUST_00848,8,5,148.86985846263374,0,2025-12-07 01:08:56.244411,0,At Risk
CUST_00849,27,20,1951.834358945948,0,2025-07-07 01:08:56.244415,1,Champions
CUST_00850,1,3,246.9267810760691,0,2025-08-04 01:08:56.244419,0,At Risk
CUST_00851,73,1,59.82165739018778,1,2026-01-04 01:08:56.244424,0,At Risk
CUST_00852,16,3,329.2932203029856,0,2026-02-14 01:08:56.244428,0,At Risk
CUST_00853,3,4,300.2631317965011,0,2025-12-17 01:08:56.244432,0,At Risk
CUST_00854,3,5,184.00151070974383,0,2026-03-22 01:08:56.244437,0,At Risk
CUST_00855,15,17,1102.750396184293,0,2025-09-29 01:08:56.244441,3,Loyal Customers
CUST_00856,15,1,9.401580419577082,1,2025-06-19 01:08:56.244446,0,At Risk
CUST_00857,255,4,386.7199903802813,1,2025-05-12 01:08:56.244450,2,Hibernating
CUST_00858,1,1,19.15692186987615,0,2025-08-14 01:08:56.244454,0,At Risk
CUST_00859,11,27,2182.320571201594,0,2025-05-17 01:08:56.244459,1,Champions
CUST_00860,86,5,320.6457359275066,1,2025-08-11 01:08:56.244463,0,At Risk
CUST_00862,20,6,254.4155873242489,0,2025-10-29 01:08:56.244474,0,At Risk
CUST_00863,19,4,229.2361144935832,0,2025-06-24 01:08:56.244478,0,At Risk
CUST_00864,53,5,1397.6059423644958,0,2025-09-11 01:08:56.244495,3,Loyal Customers
CUST_00865,9,4,385.9328230146909,0,2026-01-17 01:08:56.244503,0,At Risk
CUST_00866,31,6,444.55655862810016,0,2025-12-06 01:08:56.244530,0,At Risk
CUST_00868,30,14,575.3925723684862,0,2025-05-01 01:08:56.244572,3,Loyal Customers
CUST_00869,7,5,517.8973574789314,0,2025-05-14 01:08:56.244579,0,At Risk
CUST_00870,50,4,305.59352744816726,0,2025-12-23 01:08:56.244584,0,At Risk
CUST_00871,26,3,380.7106691364511,0,2025-10-27 01:08:56.244598,0,At Risk
CUST_00872,309,1,196.58136013242677,1,2025-05-21 01:08:56.244603,2,Hibernating
CUST_00873,0,9,708.7221095704621,0,2025-11-11 01:08:56.244608,3,Loyal Customers
CUST_00874,75,4,834.2679700362745,1,2025-07-24 01:08:56.244612,0,At Risk
CUST_00875,190,1,34.99612771541351,1,2025-07-28 01:08:56.244617,2,Hibernating
CUST_00876,1,10,786.5073706810838,0,2026-02-25 01:08:56.244621,3,Loyal Customers
CUST_00877,1,31,3058.633788192521,0,2026-02-16 01:08:56.244626,1,Champions
CUST_00878,18,3,507.38540349381367,0,2025-08-11 01:08:56.244630,0,At Risk
CUST_00879,3,16,832.5998900279448,0,2026-02-20 01:08:56.244635,3,Loyal Customers
CUST_00880,96,1,19.165686088443536,1,2025-08-17 01:08:56.244639,2,Hibernating
CUST_00882,333,1,65.04988523290402,1,2025-05-10 01:08:56.244648,2,Hibernating
CUST_00883,54,2,45.046266806245846,0,2025-08-20 01:08:56.244652,0,At Risk
CUST_00884,18,3,385.3384524503061,0,2026-01-12 01:08:56.244657,0,At Risk
CUST_00886,47,9,1283.0505635234474,0,2025-04-27 01:08:56.244665,3,Loyal Customers
CUST_00887,22,12,832.1230154180346,0,2025-11-14 01:08:56.244670,3,Loyal Customers
CUST_00888,42,10,503.86529390113685,0,2025-11-30 01:08:56.244674,0,At Risk
CUST_00890,62,1,129.8939041351723,1,2026-01-25 01:08:56.244683,0,At Risk
CUST_00891,78,2,440.2543480162419,1,2025-09-15 01:08:56.244687,0,At Risk
CUST_00892,44,8,453.16577304491454,1,2025-04-27 01:08:56.244692,0,At Risk
CUST_00893,4,18,1270.9186805532977,0,2025-09-06 01:08:56.244696,3,Loyal Customers
CUST_00894,4,6,515.8769117010702,0,2026-03-02 01:08:56.244700,0,At Risk
CUST_00895,53,1,49.064771826320765,0,2025-10-06 01:08:56.244705,0,At Risk
CUST_00896,79,5,439.9597114846373,1,2025-06-01 01:08:56.244709,0,At Risk
CUST_00897,52,1,49.65224621709194,0,2025-11-15 01:08:56.244713,0,At Risk
CUST_00898,175,1,21.642600734248223,0,2025-05-06 01:08:56.244718,2,Hibernating
CUST_00899,27,6,749.2425865668278,0,2025-11-30 01:08:56.244722,0,At Risk
CUST_00900,87,6,777.7236369055073,1,2025-05-08 01:08:56.244726,0,At Risk
CUST_00903,1,25,2197.930237249538,0,2025-08-15 01:08:56.244739,1,Champions
CUST_00904,15,2,284.7737170883821,0,2026-03-08 01:08:56.244744,0,At Risk
CUST_00906,89,1,22.481632285710976,1,2025-11-08 01:08:56.244753,0,At Risk
CUST_00908,1,5,445.829110745664,0,2026-03-27 01:08:56.244762,0,At Risk
CUST_00909,32,8,378.6862074293508,0,2025-12-28 01:08:56.244766,0,At Risk
CUST_00910,59,4,156.45709827075308,0,2025-11-06 01:08:56.244770,0,At Risk
CUST_00911,10,5,316.40742110697875,0,2025-05-12 01:08:56.244775,0,At Risk
CUST_00912,6,12,897.7069338590062,0,2026-02-18 01:08:56.244779,3,Loyal Customers
CUST_00913,19,6,552.3389505222924,0,2025-06-08 01:08:56.244783,0,At Risk
CUST_00914,3,16,1207.16942925473,1,2025-11-09 01:08:56.244788,3,Loyal Customers
CUST_00915,8,12,1358.9730249406898,0,2025-04-29 01:08:56.244792,3,Loyal Customers
CUST_00917,14,8,857.3691230156269,0,2025-10-18 01:08:56.244801,3,Loyal Customers
CUST_00918,78,4,449.1077466909485,1,2025-10-01 01:08:56.244806,0,At Risk
CUST_00919,7,19,1611.1819943673045,0,2026-03-18 01:08:56.244810,3,Loyal Customers
CUST_00920,75,5,292.34593236623067,1,2025-07-10 01:08:56.244814,0,At Risk
CUST_00921,4,22,2308.233732609315,0,2025-11-10 01:08:56.244819,1,Champions
CUST_00922,6,8,915.662174509034,0,2025-10-07 01:08:56.244823,3,Loyal Customers
CUST_00923,7,3,73.21791294027766,1,2026-03-15 01:08:56.244828,0,At Risk
CUST_00924,46,6,592.9923478793778,0,2025-10-11 01:08:56.244832,0,At Risk
CUST_00925,0,38,3013.242104900435,0,2025-11-18 01:08:56.244836,1,Champions
CUST_00926,14,13,1456.9934583534855,0,2026-01-03 01:08:56.244840,3,Loyal Customers
CUST_00927,223,2,175.5932677891784,1,2025-05-11 01:08:56.244845,2,Hibernating
CUST_00928,69,9,754.1484250085308,1,2025-05-13 01:08:56.244849,3,Loyal Customers
CUST_00929,116,3,64.47014388871803,1,2025-12-17 01:08:56.244854,2,Hibernating
CUST_00931,63,6,422.9979673610387,1,2025-06-28 01:08:56.244862,0,At Risk
CUST_00932,43,1,123.14419086191792,0,2025-07-06 01:08:56.244867,0,At Risk
CUST_00933,18,8,546.2532793989793,0,2026-02-18 01:08:56.244871,0,At Risk
CUST_00934,72,4,187.0165324787489,1,2025-12-24 01:08:56.244876,0,At Risk
CUST_00935,0,11,464.6259384757397,0,2025-12-23 01:08:56.244880,3,Loyal Customers
CUST_00937,6,5,651.1540760997736,0,2026-01-18 01:08:56.244889,0,At Risk
CUST_00938,78,3,186.7826475721276,1,2025-05-14 01:08:56.244893,0,At Risk
CUST_00939,137,2,164.09194618906128,1,2025-08-04 01:08:56.244898,2,Hibernating
CUST_00942,14,7,275.20089060883026,1,2026-01-11 01:08:56.244911,0,At Risk
CUST_00944,1,6,217.9087130200593,0,2026-03-27 01:08:56.244919,0,At Risk
CUST_00945,150,3,136.27994596735263,1,2025-06-05 01:08:56.244924,2,Hibernating
CUST_00946,23,19,2456.0421344795204,0,2025-05-12 01:08:56.244928,1,Champions
CUST_00947,3,15,1096.925858489257,0,2026-01-27 01:08:56.244933,3,Loyal Customers
CUST_00948,163,1,149.56978536426163,1,2025-05-12 01:08:56.244937,2,Hibernating
CUST_00949,124,3,471.988781433951,0,2025-05-04 01:08:56.244942,2,Hibernating
CUST_00950,34,1,12.239279045071196,0,2025-07-04 01:08:56.244946,0,At Risk
CUST_00951,0,18,1645.903149473255,0,2025-08-11 01:08:56.244950,3,Loyal Customers
CUST_00953,30,3,120.80864658721788,0,2025-05-16 01:08:56.244959,0,At Risk
CUST_00954,120,1,118.9888198645377,1,2025-06-15 01:08:56.244964,2,Hibernating
CUST_00955,17,2,125.13728880358416,0,2025-06-10 01:08:56.244972,0,At Risk
CUST_00956,181,1,7.346277911697991,1,2025-08-27 01:08:56.244977,2,Hibernating
CUST_00957,25,10,700.148133728047,0,2025-10-14 01:08:56.244981,3,Loyal Customers
CUST_00959,2,7,854.8012326956731,1,2026-01-09 01:08:56.244990,3,Loyal Customers
CUST_00960,52,1,170.59532381841896,0,2026-01-25 01:08:56.244994,0,At Risk
CUST_00961,150,1,92.94694403548068,1,2025-11-16 01:08:56.244999,2,Hibernating
CUST_00962,0,15,1192.703333365438,0,2025-12-29 01:08:56.245003,3,Loyal Customers
CUST_00964,0,7,669.6035008907681,0,2026-02-14 01:08:56.245012,3,Loyal Customers
CUST_00965,98,2,161.6361380808553,1,2025-12-29 01:08:56.245016,2,Hibernating
CUST_00967,3,28,1871.751598916803,0,2025-05-04 01:08:56.245025,1,Champions
CUST_00968,310,1,14.909394444610934,1,2025-06-06 01:08:56.245029,2,Hibernating
CUST_00969,7,9,1912.0175716674676,0,2025-12-14 01:08:56.245034,3,Loyal Customers
CUST_00971,50,13,538.3962758469152,0,2025-06-13 01:08:56.245042,3,Loyal Customers
CUST_00973,1,3,117.43680483786,0,2025-11-23 01:08:56.245051,0,At Risk
CUST_00974,8,6,361.1818889249575,0,2026-03-05 01:08:56.245056,0,At Risk
CUST_00975,0,22,1922.2678560566687,1,2026-01-24 01:08:56.245061,1,Champions
CUST_00976,2,15,1215.9025034210176,0,2025-11-05 01:08:56.245065,3,Loyal Customers
CUST_00977,14,8,755.2270023804831,0,2025-10-26 01:08:56.245070,3,Loyal Customers
CUST_00978,1,13,1429.2270209266778,0,2025-11-03 01:08:56.245074,3,Loyal Customers
CUST_00979,16,2,70.92252770535251,0,2025-08-15 01:08:56.245078,0,At Risk
CUST_00980,103,1,60.279860383634464,0,2025-05-23 01:08:56.245083,2,Hibernating
CUST_00981,27,2,58.52458346813293,0,2025-12-14 01:08:56.245087,0,At Risk
CUST_00982,38,4,234.08028205452396,0,2025-12-14 01:08:56.245091,0,At Risk
CUST_00983,0,6,156.23913116045202,0,2026-02-17 01:08:56.245096,0,At Risk
CUST_00984,120,2,208.1819331058055,1,2025-09-11 01:08:56.245100,2,Hibernating
CUST_00986,14,4,1121.334360073069,0,2026-01-20 01:08:56.245109,3,Loyal Customers
CUST_00987,86,1,35.96163561057227,1,2025-09-30 01:08:56.245113,0,At Risk
CUST_00988,2,4,248.79483814070483,0,2026-02-14 01:08:56.245118,0,At Risk
CUST_00990,1,8,718.6238414163267,0,2025-12-07 01:08:56.245126,3,Loyal Customers
CUST_00991,1,6,370.2759332103729,0,2025-10-22 01:08:56.245131,0,At Risk
CUST_00992,32,2,121.49822714624597,0,2025-06-12 01:08:56.245135,0,At Risk
CUST_00993,37,1,27.245744340527363,0,2025-08-09 01:08:56.245140,0,At Risk
CUST_00994,0,2,190.2472039611328,0,2025-10-22 01:08:56.245144,0,At Risk
CUST_00996,24,6,504.79457212205085,0,2025-12-21 01:08:56.245153,0,At Risk
CUST_00997,215,2,1139.8582835387142,1,2025-06-12 01:08:56.245157,2,Hibernating
CUST_00999,135,1,28.622340442205253,1,2025-09-13 01:08:56.245166,2,Hibernating
CUST_01000,11,15,1554.892911159549,0,2026-01-01 01:08:56.245170,3,Loyal Customers
