customer_id,recency,frequency,monetary,churned,join_date,churn_prob,churn_risk
CUST_00002,6,6,607.7228023838638,1,2025-06-30 01:08:56.242532,0.11091127243619196,Low
CUST_00003,1,5,932.0323691391887,1,2025-12-11 01:08:56.242537,0.26435044867868135,Low
CUST_00004,89,1,171.62712843964474,1,2026-01-15 01:08:56.242540,0.8876823818233751,High
CUST_00005,13,3,134.90981153286296,0,2025-09-20 01:08:56.242542,0.13437965937172267,Low
CUST_00006,2,19,1214.5673799531226,0,2026-03-07 01:08:56.242545,0.03812781444285108,Low
CUST_00007,8,2,118.46096723489548,0,2025-12-15 01:08:56.242547,0.1224862843053357,Low
CUST_00008,3,8,1346.9241783083394,0,2025-11-26 01:08:56.242549,0.09830244085441958,Low
CUST_00009,48,1,236.2442214266124,0,2025-08-25 01:08:56.242551,0.15082117015316562,Low
CUST_00010,42,4,138.04533778247142,0,2025-05-01 01:08:56.242553,0.09840017065879358,Low
CUST_00011,35,3,378.059846144569,0,2025-12-30 01:08:56.242555,0.10489769515285548,Low
CUST_00012,5,12,805.4130529780385,0,2025-12-18 01:08:56.242557,0.11259455361695642,Low
CUST_00013,20,15,679.6529572285049,0,2025-10-27 01:08:56.242559,0.09791184129206652,Low
CUST_00014,22,7,885.4540588880998,0,2025-11-17 01:08:56.242561,0.11417665850767016,Low
CUST_00016,187,2,51.89633015949011,1,2025-05-23 01:08:56.242565,0.8523301365937861,High
CUST_00017,15,6,487.53907389306096,1,2025-07-13 01:08:56.242567,0.12230638936338396,Low
CUST_00018,37,2,70.75497534370103,0,2025-06-07 01:08:56.242569,0.14475656521099667,Low
CUST_00019,49,6,292.3051312086083,0,2025-09-17 01:08:56.242571,0.161505620272403,Low
CUST_00020,18,13,684.7739446940394,0,2025-06-24 01:08:56.242575,0.08452160686340171,Low
CUST_00021,23,11,1147.1503332359343,0,2025-10-18 01:08:56.242577,0.056830828984149526,Low
CUST_00022,84,3,177.02009782040676,1,2025-05-18 01:08:56.242579,0.903339780977666,High
CUST_00023,38,1,15.522584204051126,0,2026-03-06 01:08:56.242582,0.3090722995695124,Medium
CUST_00025,21,2,244.5141863514819,1,2025-08-04 01:08:56.242585,0.1465652192685397,Low
CUST_00026,40,4,581.2964573340829,0,2026-02-07 01:08:56.242587,0.08876805353725463,Low
CUST_00027,30,7,357.41183457849456,0,2026-01-28 01:08:56.242589,0.10435075813688698,Low
CUST_00028,19,7,493.7336114324484,0,2025-10-09 01:08:56.242592,0.11830753318422393,Low
CUST_00029,142,1,21.25385777625616,1,2025-09-21 01:08:56.242594,0.8952495868394261,High
CUST_00031,150,1,90.08452227233002,1,2025-09-19 01:08:56.242598,0.9245329833128875,High
CUST_00032,196,1,166.203065192186,1,2025-10-04 01:08:56.242600,0.9272567334058462,High
CUST_00033,7,6,355.6401548929934,0,2026-02-05 01:08:56.242602,0.10715478631199435,Low
CUST_00035,68,2,1028.994462121417,1,2025-07-27 01:08:56.242606,0.8810566410443631,High
CUST_00036,24,1,9.650273061785724,1,2025-05-12 01:08:56.242608,0.5251531411807361,Medium
CUST_00037,10,12,1555.8692414945565,1,2025-11-17 01:08:56.242610,0.11902648787720244,Low
CUST_00038,16,7,560.068610971974,0,2025-05-25 01:08:56.242612,0.10627492191590862,Low
CUST_00040,7,5,342.6495455362977,0,2026-03-07 01:08:56.242616,0.10690883678983525,Low
CUST_00041,123,9,782.0646894487097,1,2025-05-03 01:08:56.242618,0.8639946049302872,High
CUST_00042,9,14,971.5255183523306,0,2025-10-12 01:08:56.242620,0.08309575524880847,Low
CUST_00043,23,1,257.7770354685317,0,2025-06-27 01:08:56.242621,0.13829954203432313,Low
CUST_00044,4,22,1502.368524485957,0,2025-12-29 01:08:56.242623,0.05929688221146151,Low
CUST_00045,5,20,1025.3789802254769,0,2025-05-16 01:08:56.242625,0.045408202077314046,Low
CUST_00046,2,14,791.5264637342767,0,2026-03-14 01:08:56.242627,0.10901604956016189,Low
CUST_00047,73,2,105.71307150253052,1,2025-07-29 01:08:56.242629,0.9020271805661824,High
CUST_00048,82,3,118.97837464110115,1,2025-07-06 01:08:56.242631,0.8805199402911864,High
CUST_00049,54,3,526.0963430191296,0,2026-02-03 01:08:56.242633,0.10926961573451306,Low
CUST_00050,4,8,797.5085721784578,0,2025-12-26 01:08:56.242635,0.1349826907817304,Low
CUST_00051,11,10,519.8032801671357,1,2025-07-07 01:08:56.242637,0.10337947505664802,Low
CUST_00052,10,8,750.1449069395713,0,2026-02-21 01:08:56.242639,0.10674572927230334,Low
CUST_00053,16,5,306.9782911527789,0,2025-09-03 01:08:56.242641,0.10515575326082835,Low
CUST_00054,3,13,834.8100381535314,0,2026-01-06 01:08:56.242644,0.11888662912859486,Low
CUST_00055,5,13,855.195167791204,0,2026-02-06 01:08:56.242645,0.11413572920928473,Low
CUST_00056,25,1,95.43873475931146,0,2026-03-26 01:08:56.242647,0.12890216577543795,Low
CUST_00057,0,16,1524.207214457336,0,2026-02-02 01:08:56.242649,0.07197594096648309,Low
CUST_00058,24,5,534.3574568519309,0,2025-12-12 01:08:56.242651,0.0936281337691618,Low
CUST_00059,44,6,599.8249165210146,0,2025-07-11 01:08:56.242653,0.13286086680378242,Low
CUST_00060,147,1,227.66207039230565,1,2025-05-22 01:08:56.242655,0.8620683826786754,High
CUST_00061,63,2,234.50474296303025,1,2025-09-18 01:08:56.242657,0.8361450896110475,High
CUST_00062,26,8,822.664473137168,0,2025-08-22 01:08:56.242660,0.08836678656777358,Low
CUST_00063,8,2,112.20070859297624,0,2026-02-12 01:08:56.242661,0.1224862843053357,Low
CUST_00064,2,10,1130.7457483458534,1,2025-10-17 01:08:56.242663,0.1315031733209403,Low
CUST_00065,61,5,355.37359783373034,1,2025-09-07 01:08:56.242665,0.84305506570989,High
CUST_00066,105,3,91.41464003065111,1,2025-07-01 01:08:56.242667,0.8855024347188295,High
CUST_00067,22,4,265.95374011123334,1,2025-05-28 01:08:56.242669,0.14750564407746652,Low
CUST_00068,17,4,334.6613611623478,0,2025-06-30 01:08:56.242671,0.08431032259298815,Low
CUST_00069,129,2,81.95287732009034,0,2025-08-25 01:08:56.242673,0.7579918395385101,High
CUST_00070,267,1,112.44609046301863,1,2025-07-19 01:08:56.242675,0.9324849067825656,High
CUST_00071,144,1,65.53360016269852,1,2025-09-19 01:08:56.242677,0.9143665052533799,High
CUST_00073,20,27,1632.4526656281496,0,2025-08-27 01:08:56.242681,0.026954598096328247,Low
CUST_00074,10,25,2291.6682794578355,0,2025-09-01 01:08:56.242683,0.030421155559855476,Low
CUST_00076,0,5,405.6867701954115,1,2026-02-03 01:08:56.242687,0.1775442954845949,Low
CUST_00077,27,3,184.81549903813112,0,2025-06-21 01:08:56.242689,0.15536083640274592,Low
CUST_00078,73,8,742.8265209755871,1,2025-08-23 01:08:56.242691,0.9030705442902842,High
CUST_00079,1,6,828.5813240264586,1,2025-07-19 01:08:56.242693,0.1962131388887491,Low
CUST_00080,18,17,1572.720082984283,0,2025-09-21 01:08:56.242695,0.04796014618042776,Low
CUST_00081,25,2,219.6772866894508,0,2026-02-15 01:08:56.242699,0.12208495794053814,Low
CUST_00082,5,12,590.830776253658,0,2025-10-22 01:08:56.242701,0.09934390778976952,Low
CUST_00083,3,3,266.461569142404,0,2026-03-13 01:08:56.242703,0.1714026621886374,Low
CUST_00084,36,41,2617.140755979008,0,2025-05-31 01:08:56.242705,0.0633385393392887,Low
CUST_00086,166,2,100.66978619423983,1,2025-05-05 01:08:56.242709,0.9166928984603889,High
CUST_00087,5,5,389.7343296067405,0,2026-03-19 01:08:56.242711,0.11308778216811699,Low
CUST_00088,4,7,604.0176310166646,0,2025-11-19 01:08:56.242713,0.12577682302780363,Low
CUST_00089,47,2,267.5780860786133,0,2025-11-12 01:08:56.242715,0.15812836713978617,Low
CUST_00090,10,14,1055.24218146509,0,2026-01-24 01:08:56.242717,0.08478007398923865,Low
CUST_00091,49,1,30.546767861811585,0,2025-11-09 01:08:56.242718,0.2500158366545498,Low
CUST_00092,75,4,142.79318852095508,1,2026-01-06 01:08:56.242720,0.9040529093900913,High
CUST_00093,134,3,192.437712098067,1,2025-10-16 01:08:56.242722,0.8662748100963131,High
CUST_00094,17,4,255.6716084243289,0,2025-06-12 01:08:56.242724,0.13292503088821334,Low
CUST_00095,63,6,210.77037115589005,0,2025-07-10 01:08:56.242726,0.5732367094541424,Medium
CUST_00096,63,5,290.099365058146,1,2025-08-09 01:08:56.242728,0.8418578183865223,High
CUST_00097,41,1,79.46124742506433,0,2026-02-15 01:08:56.242730,0.1455398166476666,Low
CUST_00099,39,2,470.795553300168,0,2025-11-13 01:08:56.242734,0.16612717212540637,Low
CUST_00100,6,8,321.85676571915275,0,2025-09-08 01:08:56.242736,0.09779102686480505,Low
CUST_00101,25,17,1915.946044735683,0,2025-05-04 01:08:56.242738,0.05823334915115564,Low
CUST_00103,3,5,250.43038766543452,0,2026-02-23 01:08:56.242742,0.14321862497326307,Low
CUST_00104,56,1,202.3616039014844,0,2026-02-08 01:08:56.242744,0.1435061195875866,Low
CUST_00106,5,10,999.2404310852728,0,2025-08-24 01:08:56.242750,0.09665837257188063,Low
CUST_00107,49,5,502.2225475262302,1,2025-06-08 01:08:56.242751,0.14649679730495718,Low
CUST_00108,78,1,218.3886081621918,0,2025-12-19 01:08:56.242753,0.7738416010774585,High
CUST_00109,122,1,10.589917594006682,1,2025-10-07 01:08:56.242755,0.8934654531215241,High
CUST_00111,6,8,351.2214034209166,0,2026-02-21 01:08:56.242760,0.09541007448385269,Low
CUST_00112,4,19,1602.8516976289582,0,2025-08-13 01:08:56.242761,0.036697128891538984,Low
CUST_00114,90,1,56.81771946650011,0,2025-11-17 01:08:56.242765,0.8062886474037124,High
CUST_00115,19,11,1135.3525759700156,0,2025-07-14 01:08:56.242767,0.0767859813333697,Low
CUST_00116,1,16,1579.311864617785,0,2026-03-23 01:08:56.242769,0.07184967448832022,Low
CUST_00117,61,4,209.89592369254703,1,2025-08-22 01:08:56.242771,0.8418066265643371,High
CUST_00120,44,5,283.02826573027056,0,2025-09-02 01:08:56.242777,0.1590414317957953,Low
CUST_00121,25,3,348.4740411411561,0,2026-03-13 01:08:56.242779,0.09074134338915738,Low
CUST_00123,18,4,303.7531265640416,0,2025-09-30 01:08:56.242783,0.09632673021728173,Low
CUST_00125,26,8,885.7197763128421,0,2025-08-09 01:08:56.242787,0.08278429439026286,Low
CUST_00128,16,7,505.6408116134141,0,2025-12-22 01:08:56.242793,0.10561787063385734,Low
CUST_00129,0,7,732.1023502268314,1,2025-08-18 01:08:56.242795,0.1684852502769043,Low
CUST_00130,4,31,2981.5819730823896,0,2025-08-09 01:08:56.242797,0.024241886751680236,Low
CUST_00131,21,13,1470.4566606527658,0,2025-08-03 01:08:56.242799,0.08563964677886877,Low
CUST_00132,16,2,363.9012706422321,1,2025-11-05 01:08:56.242801,0.20283766959821337,Low
CUST_00133,10,9,732.9955113853297,0,2025-10-08 01:08:56.242803,0.10508119672008893,Low
CUST_00135,14,14,1384.5956716571068,0,2026-02-20 01:08:56.242807,0.06448970486362927,Low
CUST_00136,5,5,706.9771368365716,0,2026-03-15 01:08:56.242809,0.11056943215843253,Low
CUST_00137,4,6,174.77313588901146,0,2025-10-19 01:08:56.242811,0.11664315506489721,Low
CUST_00139,98,1,114.79331671526676,0,2025-09-22 01:08:56.242814,0.8572661667915087,High
CUST_00140,26,9,1796.400911537135,0,2025-07-28 01:08:56.242816,0.07655983361830349,Low
CUST_00141,13,10,639.5587896870255,0,2026-01-01 01:08:56.242818,0.08908491103386426,Low
CUST_00142,72,1,196.9298458830196,1,2025-06-17 01:08:56.242820,0.8840034327122226,High
CUST_00143,14,2,106.71164923756372,0,2026-01-21 01:08:56.242822,0.11478729317838077,Low
CUST_00144,34,8,567.6722434871019,0,2025-10-09 01:08:56.242824,0.08968721136486688,Low
CUST_00145,0,14,671.3261135321579,0,2026-02-11 01:08:56.242826,0.1272572864203933,Low
CUST_00146,39,2,100.8934547429111,0,2026-01-25 01:08:56.242828,0.12735181797439218,Low
CUST_00147,27,4,446.999975870266,0,2025-11-14 01:08:56.242830,0.0824887602205932,Low
CUST_00148,231,1,38.739776430611705,1,2025-06-17 01:08:56.242832,0.9157041333665348,High
CUST_00149,27,8,1292.3326069371103,0,2026-02-28 01:08:56.242834,0.05847944871881072,Low
CUST_00150,47,1,80.52641675444332,1,2025-12-10 01:08:56.242836,0.1897717804161999,Low
CUST_00151,14,2,97.2994264329771,0,2026-02-12 01:08:56.242838,0.12371586460695218,Low
CUST_00152,74,6,352.70037844408154,1,2025-06-15 01:08:56.242839,0.8026683600304588,High
CUST_00154,12,2,207.41310277172985,0,2025-11-20 01:08:56.242843,0.11443711453231493,Low
CUST_00155,40,4,206.6080304540595,0,2025-08-09 01:08:56.242845,0.11296035899237665,Low
CUST_00156,53,2,175.23915929274614,0,2025-09-19 01:08:56.242847,0.12508864068281475,Low
CUST_00157,140,3,476.8719973495769,1,2025-08-15 01:08:56.242849,0.8075412723320144,High
CUST_00158,9,4,323.38367232654747,0,2025-06-18 01:08:56.242851,0.09097707421102086,Low
CUST_00159,131,1,454.9373457740293,0,2025-11-27 01:08:56.242853,0.6054045644450935,Medium
CUST_00160,28,6,533.4348833252573,0,2025-12-02 01:08:56.242855,0.09528034177993935,Low
CUST_00161,7,9,1076.2582262224953,0,2025-08-07 01:08:56.242857,0.08847245592737404,Low
CUST_00162,61,10,548.1903966419145,1,2025-07-12 01:08:56.242859,0.8339079368017779,High
CUST_00164,43,2,156.2240200585392,0,2025-11-11 01:08:56.242863,0.11587238088675388,Low
CUST_00165,194,1,125.79117392770232,1,2025-05-14 01:08:56.242865,0.9248708716948463,High
CUST_00166,139,2,399.7680931334533,1,2025-10-14 01:08:56.242867,0.9172200991640328,High
CUST_00167,136,4,398.480908966816,1,2025-08-15 01:08:56.242869,0.8932237070548458,High
CUST_00168,87,6,676.9421541164761,1,2025-05-25 01:08:56.242870,0.8863332417780903,High
CUST_00171,30,5,308.6511769590337,0,2025-10-27 01:08:56.242876,0.09808512732338716,Low
CUST_00172,27,7,1067.462965077449,0,2025-05-17 01:08:56.242878,0.07314419810682996,Low
CUST_00174,20,7,428.5148228011888,0,2025-12-22 01:08:56.242882,0.10271913323393538,Low
CUST_00175,19,4,420.0607660342656,0,2025-08-07 01:08:56.242884,0.09397026462323482,Low
CUST_00176,30,16,1184.1974260410436,0,2025-09-29 01:08:56.242886,0.0619638257919273,Low
CUST_00177,32,19,1454.2402877175427,0,2025-12-05 01:08:56.242888,0.03332510596694042,Low
CUST_00179,16,2,112.77605388742803,0,2026-02-04 01:08:56.242892,0.11397045461932065,Low
CUST_00180,74,2,248.56875850723296,1,2025-07-03 01:08:56.242894,0.8977825301078787,High
CUST_00181,58,3,229.8628023880004,0,2025-06-06 01:08:56.242896,0.14195680254793724,Low
CUST_00182,2,13,504.8983960778996,0,2025-12-05 01:08:56.242898,0.1098107867009902,Low
CUST_00183,12,10,510.850119053189,0,2025-12-17 01:08:56.242899,0.10114471335056267,Low
CUST_00184,7,5,275.64169511971824,1,2025-12-05 01:08:56.242901,0.159266108917751,Low
CUST_00185,2,11,1884.118487150228,0,2026-01-06 01:08:56.242903,0.09983895963309004,Low
CUST_00186,117,3,143.5097186743268,1,2025-09-22 01:08:56.242905,0.905425748804882,High
CUST_00188,2,6,354.42425420334695,0,2026-03-26 01:08:56.242909,0.13029759016485742,Low
CUST_00189,62,1,83.20663310887586,1,2025-11-18 01:08:56.242911,0.8281961164311427,High
CUST_00190,27,8,948.395612710881,0,2025-08-20 01:08:56.242913,0.07087111854710597,Low
CUST_00191,53,1,171.51341062270765,0,2026-02-02 01:08:56.242917,0.12996748503359423,Low
CUST_00192,79,1,58.79954048844357,1,2025-08-16 01:08:56.242919,0.8617462833812047,High
CUST_00193,8,22,1925.3846037222625,0,2025-08-15 01:08:56.242921,0.0786754329726605,Low
CUST_00194,72,2,83.87918891364416,1,2025-11-22 01:08:56.242923,0.8931098957326055,High
CUST_00195,6,28,2347.8936460606574,0,2025-11-18 01:08:56.242925,0.024850167905534484,Low
CUST_00196,0,31,2382.658646875534,0,2026-02-03 01:08:56.242927,0.06394003318401686,Low
CUST_00197,0,10,1479.7135621931711,0,2025-10-07 01:08:56.242929,0.09159065331117916,Low
CUST_00198,8,8,983.9957510318732,0,2025-08-22 01:08:56.242931,0.08993898940820066,Low
CUST_00199,16,7,626.6279905837447,0,2025-10-19 01:08:56.242933,0.10331583492193791,Low
CUST_00200,33,17,1422.299793346053,0,2025-09-11 01:08:56.242934,0.05928195120357033,Low
CUST_00201,137,3,238.5631153688066,0,2025-07-24 01:08:56.242936,0.7595120980645126,High
CUST_00202,4,4,422.6908431727703,0,2025-05-08 01:08:56.242939,0.11504513945170869,Low
CUST_00203,36,7,589.8710599093171,0,2025-09-06 01:08:56.242941,0.11536557915853023,Low
CUST_00204,102,3,757.7498136990849,1,2025-09-25 01:08:56.242942,0.8759450826161514,High
CUST_00205,6,2,130.0954693986588,0,2025-11-25 01:08:56.242944,0.12893430820625032,Low
CUST_00206,110,3,320.6166944657327,1,2025-07-16 01:08:56.242946,0.8673387329396565,High
CUST_00207,109,7,250.25759155670244,0,2025-06-07 01:08:56.242948,0.5842339430119713,Medium
CUST_00208,19,13,1113.9403776891156,0,2025-06-21 01:08:56.242950,0.06892324592387702,Low
CUST_00210,7,18,1462.1174824298696,0,2025-12-20 01:08:56.242954,0.0362898319355019,Low
CUST_00211,11,11,1260.6276013767497,0,2025-09-11 01:08:56.242956,0.06727933732799461,Low
CUST_00212,9,13,1690.3018632920318,0,2025-07-31 01:08:56.242958,0.10922184042848515,Low
CUST_00213,123,1,15.001598055924733,1,2025-11-04 01:08:56.242960,0.9059654531215241,High
CUST_00214,1,15,2276.0422125789087,0,2025-12-21 01:08:56.242962,0.07519958746240038,Low
CUST_00216,3,10,933.6994536270556,0,2025-11-24 01:08:56.242966,0.15045588562983048,Low
CUST_00218,79,8,989.9877835552724,1,2025-05-06 01:08:56.242969,0.7737902768251107,High
CUST_00219,9,26,1946.585487469456,0,2025-07-12 01:08:56.242971,0.024850167905534484,Low
CUST_00220,49,1,71.90016280866173,0,2025-10-31 01:08:56.242973,0.17507180778346862,Low
CUST_00221,250,1,154.9450428780819,1,2025-07-19 01:08:56.242975,0.9343627523868651,High
CUST_00222,12,8,1029.2155825624736,0,2025-11-01 01:08:56.242977,0.07924728048400397,Low
CUST_00223,42,1,178.51988726607283,0,2025-10-31 01:08:56.242979,0.119612335684445,Low
CUST_00224,14,18,1363.1796271869168,0,2025-09-10 01:08:56.242981,0.02830702559441903,Low
CUST_00226,36,1,342.3769764056506,0,2025-11-20 01:08:56.242985,0.16928017827094843,Low
CUST_00227,2,25,1628.851522096884,0,2026-02-17 01:08:56.242987,0.03102341562227705,Low
CUST_00228,2,11,1245.258120505617,0,2025-11-19 01:08:56.242989,0.08568613137250691,Low
CUST_00229,40,12,820.6796758442831,0,2025-07-04 01:08:56.242991,0.08577607287820406,Low
CUST_00230,49,1,41.14871645953964,1,2025-10-28 01:08:56.242993,0.28198423492294816,Low
CUST_00231,18,7,856.2044893566606,0,2025-06-03 01:08:56.242995,0.12575650762459678,Low
CUST_00232,33,5,461.10874003392655,0,2025-12-19 01:08:56.242997,0.0973742334859006,Low
CUST_00233,85,4,211.5314952035691,1,2025-07-08 01:08:56.242999,0.8945117089764605,High
CUST_00234,64,7,637.1010889310859,1,2025-07-19 01:08:56.243001,0.7655034743387371,High
CUST_00235,12,6,761.865634928252,0,2025-11-04 01:08:56.243003,0.11880634067194036,Low
CUST_00236,4,6,231.75125527160097,0,2025-12-06 01:08:56.243004,0.11430086131668948,Low
CUST_00237,2,3,526.29157337672,0,2026-01-27 01:08:56.243006,0.16985511741016274,Low
CUST_00238,5,10,820.1380814900793,1,2026-03-26 01:08:56.243008,0.12427775093065847,Low
CUST_00239,100,1,42.56147233618698,1,2025-05-28 01:08:56.243010,0.8729047098500776,High
CUST_00240,25,9,681.5623050383181,0,2025-07-17 01:08:56.243012,0.07961582561337574,Low
CUST_00241,11,1,29.65757841361488,0,2025-11-08 01:08:56.243014,0.13597627983976626,Low
CUST_00242,8,7,753.1502458709512,0,2026-02-19 01:08:56.243016,0.1256329881423477,Low
CUST_00243,12,10,1153.1626210930735,0,2025-10-19 01:08:56.243018,0.06871194146906359,Low
CUST_00244,25,1,37.63240290474268,0,2026-03-19 01:08:56.243020,0.16752154702776623,Low
CUST_00247,41,5,722.1980959655239,0,2025-11-01 01:08:56.243026,0.09448867554689629,Low
CUST_00248,89,9,518.126073388545,1,2025-05-28 01:08:56.243028,0.8932971934254589,High
CUST_00249,39,1,159.2794215807872,0,2025-09-01 01:08:56.243030,0.12649643800795618,Low
CUST_00250,4,16,1328.072783623743,0,2025-11-17 01:08:56.243032,0.07183093127811756,Low
CUST_00251,23,6,470.6595028289972,0,2025-10-27 01:08:56.243033,0.09379460929337792,Low
CUST_00252,4,5,929.005841177883,1,2026-02-02 01:08:56.243035,0.23970163574439812,Low
CUST_00253,2,13,1373.2701038627492,0,2025-11-28 01:08:56.243037,0.09866357446031243,Low
CUST_00254,54,3,349.5323358280167,0,2025-10-18 01:08:56.243039,0.09495088494069247,Low
CUST_00255,11,7,477.3942401930879,0,2025-12-02 01:08:56.243041,0.10737649697483663,Low
CUST_00257,4,1,142.48937829824854,0,2025-12-05 01:08:56.243045,0.1807697763401047,Low
CUST_00258,60,2,54.725740959442135,0,2025-12-14 01:08:56.243047,0.19509470477373397,Low
CUST_00259,68,1,138.02430173625828,1,2025-07-17 01:08:56.243049,0.8823387451191409,High
CUST_00260,8,8,749.9364049957784,0,2025-08-13 01:08:56.243051,0.10117474161798233,Low
CUST_00261,39,1,159.00896447624623,0,2025-12-06 01:08:56.243053,0.12649643800795618,Low
CUST_00262,38,3,411.3951625085291,0,2025-12-19 01:08:56.243055,0.1018439464402568,Low
CUST_00263,70,1,472.7822465719021,1,2025-10-26 01:08:56.243057,0.8012100316553119,High
CUST_00264,9,1,412.791274383296,1,2025-09-15 01:08:56.243059,0.37936432320267927,Medium
CUST_00265,14,6,399.1988557835597,0,2025-05-22 01:08:56.243061,0.11171781391778936,Low
CUST_00266,10,31,3124.7204937492306,0,2025-10-16 01:08:56.243063,0.0302799544253136,Low
CUST_00268,15,12,1695.6227488119482,0,2025-10-10 01:08:56.243066,0.09535896216171758,Low
CUST_00269,2,8,539.607337781502,0,2025-10-18 01:08:56.243068,0.11238441021539973,Low
CUST_00270,13,7,728.4276190619584,0,2026-01-19 01:08:56.243070,0.10289962245722054,Low
CUST_00271,35,4,233.9858479037744,1,2025-06-12 01:08:56.243072,0.14812913416901188,Low
CUST_00273,131,2,293.7472388495645,1,2025-05-28 01:08:56.243076,0.8536387084553193,High
CUST_00274,46,3,130.89428451087213,0,2025-11-13 01:08:56.243078,0.14273971835839883,Low
CUST_00275,0,2,233.76021058627396,0,2025-09-14 01:08:56.243082,0.18091916729267357,Low
CUST_00276,0,16,2107.7616645306057,0,2025-11-20 01:08:56.243084,0.07754612881050299,Low
CUST_00277,2,5,265.55686812060424,0,2026-02-23 01:08:56.243086,0.15135709957013815,Low
CUST_00279,11,2,203.32306720357107,0,2026-03-06 01:08:56.243089,0.11224856234376274,Low
CUST_00280,30,2,128.17201633519005,0,2025-08-02 01:08:56.243091,0.11540942040090905,Low
CUST_00281,42,3,366.46362873664617,0,2025-10-21 01:08:56.243093,0.099402187948509,Low
CUST_00282,19,8,509.8709088311642,0,2026-02-18 01:08:56.243095,0.087021093434157,Low
CUST_00283,44,13,1067.078256447672,0,2025-08-10 01:08:56.243097,0.09142385291840331,Low
CUST_00284,15,9,691.574531367648,0,2026-02-05 01:08:56.243099,0.08603111176446211,Low
CUST_00285,16,4,261.4055470672275,0,2025-07-07 01:08:56.243101,0.13464465705643763,Low
CUST_00286,10,11,2125.3336084478183,0,2025-06-18 01:08:56.243103,0.0971557084089968,Low
CUST_00287,0,22,1622.365280737265,0,2026-03-01 01:08:56.243105,0.07179629231267826,Low
CUST_00288,172,1,53.49171585232908,1,2025-08-14 01:08:56.243107,0.8909299289452793,High
CUST_00290,194,2,37.87258961057092,0,2025-06-15 01:08:56.243111,0.73423152598627,High
CUST_00291,10,4,412.1138040594399,0,2025-12-21 01:08:56.243113,0.10634099705827536,Low
CUST_00292,114,5,246.0157166913133,1,2025-06-17 01:08:56.243115,0.8704092504881937,High
CUST_00293,49,8,1268.680038837072,0,2025-05-15 01:08:56.243117,0.08176329352619784,Low
CUST_00294,134,3,143.90125775005825,1,2025-05-28 01:08:56.243119,0.8692370364672612,High
CUST_00296,2,2,90.92350311158098,1,2026-03-24 01:08:56.243123,0.25173753946653504,Low
CUST_00297,27,3,432.1434958947778,0,2026-02-21 01:08:56.243125,0.09674520888271677,Low
CUST_00298,25,5,727.0401491405004,0,2025-09-17 01:08:56.243126,0.09069155898520327,Low
CUST_00299,2,4,236.3905910023576,0,2026-02-07 01:08:56.243128,0.15995789949127062,Low
CUST_00300,25,3,124.4667687455816,0,2026-03-11 01:08:56.243130,0.1304905327700029,Low
CUST_00302,248,1,88.98983764318771,1,2025-08-20 01:08:56.243134,0.9270315109944701,High
CUST_00303,7,12,479.7221233765954,1,2025-10-21 01:08:56.243136,0.1512581260415637,Low
CUST_00304,0,13,835.0024118435772,0,2026-02-10 01:08:56.243138,0.15162854333711034,Low
CUST_00305,14,5,145.71629166184556,0,2026-03-22 01:08:56.243140,0.10832771644227385,Low
CUST_00307,82,3,255.21022236234117,1,2025-08-07 01:08:56.243144,0.8773364966674692,High
CUST_00308,4,15,3211.219007302247,0,2026-02-19 01:08:56.243146,0.08025824832565863,Low
CUST_00309,77,9,1041.6568442815187,1,2025-06-21 01:08:56.243148,0.8021221009206764,High
CUST_00312,33,3,299.3049493232205,1,2025-12-23 01:08:56.243154,0.2075435609888763,Low
CUST_00313,109,2,89.05673692946999,1,2025-12-19 01:08:56.243156,0.9030981127637209,High
CUST_00316,3,4,341.5588390019889,0,2025-09-18 01:08:56.243162,0.1039391359257756,Low
CUST_00317,29,16,1255.5912693972855,0,2025-07-18 01:08:56.243163,0.05713440127997595,Low
CUST_00318,14,16,1206.9534857475996,0,2025-10-18 01:08:56.243165,0.06331413857955909,Low
CUST_00319,45,6,627.8825269411439,1,2025-07-15 01:08:56.243167,0.13481316744178753,Low
CUST_00320,19,5,391.3268576310613,0,2025-05-09 01:08:56.243169,0.1025663653489952,Low
CUST_00322,2,11,1121.0650700740562,0,2026-03-10 01:08:56.243173,0.10026161314107115,Low
CUST_00323,93,2,135.1148951720302,1,2025-06-20 01:08:56.243175,0.898682494844122,High
CUST_00324,41,5,212.36407583858343,0,2025-08-17 01:08:56.243177,0.10427137803450182,Low
CUST_00326,0,2,153.50095976406652,0,2026-01-29 01:08:56.243181,0.22411354621820856,Low
CUST_00328,56,2,148.5874795903557,1,2025-10-05 01:08:56.243185,0.18270880300424333,Low
CUST_00330,5,4,251.2577115237635,1,2025-12-04 01:08:56.243189,0.13889056696834878,Low
CUST_00331,13,30,2807.370699116636,0,2025-06-13 01:08:56.243191,0.023406840984547494,Low
CUST_00332,54,4,146.98328573731848,0,2025-10-28 01:08:56.243193,0.10850858793168715,Low
CUST_00333,68,4,509.3520646868829,1,2025-11-21 01:08:56.243195,0.9180776928046742,High
CUST_00334,20,11,951.0623496727346,0,2025-10-24 01:08:56.243197,0.07185088925879791,Low
CUST_00335,15,38,4040.471710855864,0,2025-06-28 01:08:56.243198,0.023406840984547494,Low
CUST_00336,6,7,467.8140328979713,0,2025-12-14 01:08:56.243200,0.11221375834969617,Low
CUST_00337,24,10,587.725962156426,0,2025-06-02 01:08:56.243202,0.08562871187674859,Low
CUST_00338,28,4,453.28040428309214,0,2025-07-25 01:08:56.243204,0.08328806937430652,Low
CUST_00339,184,1,23.38626832294096,1,2025-10-03 01:08:56.243206,0.8957499867212444,High
CUST_00340,14,5,534.9041596985858,0,2026-02-17 01:08:56.243208,0.10191436735242645,Low
CUST_00341,34,8,599.3783008151004,0,2025-10-09 01:08:56.243210,0.08968721136486688,Low
CUST_00342,1,9,733.7861913731236,0,2025-07-24 01:08:56.243212,0.12249542526422508,Low
CUST_00343,50,1,94.34853315790376,0,2026-03-02 01:08:56.243214,0.12982210208391,Low
CUST_00344,15,1,104.57902626563416,0,2025-05-26 01:08:56.243216,0.12186497733569296,Low
CUST_00345,7,6,672.0429197397749,0,2026-03-15 01:08:56.243218,0.10867628905537524,Low
CUST_00347,11,9,814.5464384091404,0,2025-05-19 01:08:56.243222,0.10962106887916896,Low
CUST_00348,2,10,1175.5938813240143,0,2026-02-20 01:08:56.243224,0.09378372960002317,Low
CUST_00349,81,7,715.2136625178559,1,2025-10-06 01:08:56.243226,0.8664509458437927,High
CUST_00350,0,6,358.28112123375496,0,2026-03-08 01:08:56.243228,0.14371010594328332,Low
CUST_00351,60,13,920.6015396485204,1,2025-05-11 01:08:56.243230,0.5458774685882166,Medium
CUST_00352,72,2,129.5267300923066,1,2025-07-07 01:08:56.243232,0.9014790664085349,High
CUST_00353,0,8,2956.6689456098206,0,2025-11-06 01:08:56.243234,0.13241899132492838,Low
CUST_00354,18,6,502.05067418235456,1,2025-11-05 01:08:56.243236,0.12227049765232734,Low
CUST_00355,107,1,67.72202116506375,1,2025-12-26 01:08:56.243238,0.906239047836948,High
CUST_00357,262,1,14.30677037488933,1,2025-06-13 01:08:56.243242,0.9031697136591975,High
CUST_00358,48,6,468.8905247960797,0,2025-08-25 01:08:56.243244,0.13011803885533332,Low
CUST_00359,24,4,465.4483757555931,0,2026-02-05 01:08:56.243246,0.08257153039851611,Low
CUST_00360,24,14,900.8662016771342,0,2025-10-26 01:08:56.243249,0.08658960683163254,Low
CUST_00361,58,1,68.38765510993225,0,2025-09-23 01:08:56.243251,0.16169877161617335,Low
CUST_00362,13,1,211.31605898047349,0,2026-01-24 01:08:56.243253,0.1278814082591407,Low
CUST_00363,17,16,1371.3042916276213,0,2025-09-19 01:08:56.243255,0.056760110696104586,Low
CUST_00364,29,1,59.358027293725016,0,2025-11-23 01:08:56.243257,0.13021698721378205,Low
CUST_00365,49,5,774.4082267027081,0,2025-10-29 01:08:56.243259,0.11526560569045825,Low
CUST_00366,59,2,105.03806428341936,0,2025-05-18 01:08:56.243261,0.16997304338826344,Low
CUST_00367,32,4,587.318331577873,0,2026-01-29 01:08:56.243263,0.08676126494613685,Low
CUST_00371,57,4,1021.0253652272492,0,2025-05-06 01:08:56.243271,0.07944142125244638,Low
CUST_00372,40,10,359.7081441451113,0,2025-06-30 01:08:56.243273,0.08928667354097945,Low
CUST_00373,38,4,250.6302921937408,0,2026-02-02 01:08:56.243275,0.13294577049700929,Low
CUST_00374,21,8,635.0187782447003,0,2025-12-17 01:08:56.243277,0.08315220469137845,Low
CUST_00375,7,13,1249.9572726526408,0,2025-07-07 01:08:56.243279,0.08945449427025025,Low
CUST_00377,4,6,494.6521562138748,0,2026-01-27 01:08:56.243283,0.14079760138571282,Low
CUST_00378,11,7,670.7467111352848,0,2025-12-10 01:08:56.243284,0.10510661667155188,Low
CUST_00379,29,1,72.57503901824501,0,2026-03-23 01:08:56.243286,0.13459284925264717,Low
CUST_00380,31,1,14.399325564127134,1,2025-12-15 01:08:56.243288,0.413861456120416,Medium
CUST_00381,61,5,556.4648802536694,1,2025-09-13 01:08:56.243290,0.8661280121963146,High
CUST_00382,25,13,1180.059532073791,0,2025-07-09 01:08:56.243292,0.06537001987311528,Low
CUST_00383,0,9,412.7487443767144,0,2026-02-09 01:08:56.243294,0.13520219315667434,Low
CUST_00384,153,3,167.50023220051477,1,2025-05-21 01:08:56.243296,0.8760513664414404,High
CUST_00385,54,10,601.0844588126018,0,2025-05-24 01:08:56.243298,0.12233335444498034,Low
CUST_00386,49,5,305.0117218892495,0,2025-11-04 01:08:56.243300,0.1127283857681401,Low
CUST_00387,17,7,699.2453091914942,0,2025-07-02 01:08:56.243302,0.09962304239161414,Low
CUST_00388,12,2,206.9960863408948,0,2025-11-24 01:08:56.243304,0.11443711453231493,Low
CUST_00389,17,1,22.64709624016858,0,2025-12-12 01:08:56.243306,0.20898374277572035,Low
CUST_00390,7,9,566.0585762381265,0,2025-10-21 01:08:56.243308,0.0997226407588853,Low
CUST_00391,30,3,305.53666007861887,0,2025-11-01 01:08:56.243310,0.11072688192741653,Low
CUST_00392,127,1,71.45140210537723,1,2025-11-03 01:08:56.243311,0.9035364603036874,High
CUST_00393,2,18,1603.5152310102624,0,2025-11-28 01:08:56.243313,0.03661281021124727,Low
CUST_00395,213,1,39.47541050061057,1,2025-06-26 01:08:56.243317,0.9157041333665348,High
CUST_00397,22,8,983.9935822092356,0,2026-01-29 01:08:56.243321,0.07054080942557611,Low
CUST_00398,40,7,810.9422011407034,0,2025-08-11 01:08:56.243323,0.12227762939521297,Low
CUST_00399,4,4,672.8809656476586,0,2025-12-01 01:08:56.243325,0.10693773041642606,Low
CUST_00400,75,4,264.63505198950384,1,2025-05-14 01:08:56.243327,0.9244785324810222,High
CUST_00401,20,6,309.7853808312701,0,2025-06-22 01:08:56.243329,0.10232118812921037,Low
CUST_00402,39,5,306.6842689142169,0,2025-11-21 01:08:56.243331,0.10295720700243023,Low
CUST_00403,18,5,397.0208799316253,1,2025-11-19 01:08:56.243333,0.11074290337764292,Low
CUST_00404,1,1,109.95516549817036,1,2026-01-29 01:08:56.243335,0.24609266345287953,Low
CUST_00405,5,20,1294.6408076505493,0,2025-11-26 01:08:56.243337,0.0338571315966755,Low
CUST_00407,219,1,101.98633178139958,1,2025-08-01 01:08:56.243341,0.9353420496397084,High
CUST_00408,17,4,935.8390144185204,0,2025-06-11 01:08:56.243343,0.11099137426960339,Low
CUST_00409,1,20,1736.3933944563414,0,2025-12-22 01:08:56.243345,0.035624637033202525,Low
CUST_00410,6,3,574.7310472194613,0,2025-11-22 01:08:56.243347,0.12022188204056071,Low
CUST_00412,22,1,75.84610845103028,0,2026-02-08 01:08:56.243351,0.13629724852372044,Low
CUST_00413,15,2,135.8056773501466,0,2025-12-29 01:08:56.243352,0.11617484904176902,Low
CUST_00414,39,3,380.44447093555937,1,2025-08-03 01:08:56.243354,0.11297231082949073,Low
CUST_00415,26,10,1265.7674900470545,0,2025-06-29 01:08:56.243356,0.0556534148519469,Low
CUST_00416,1,44,3989.266589784718,0,2025-09-20 01:08:56.243358,0.02415452635302096,Low
CUST_00417,26,7,1176.4884565302416,0,2025-09-17 01:08:56.243360,0.06349210415868627,Low
CUST_00418,6,3,133.40501038815268,0,2026-01-18 01:08:56.243362,0.14074402153130625,Low
CUST_00419,81,8,458.43682615790937,1,2025-06-23 01:08:56.243364,0.8794252942954581,High
CUST_00420,29,4,437.39410800305967,0,2025-07-24 01:08:56.243366,0.08363690836874137,Low
CUST_00421,5,12,738.7978985509358,0,2026-01-11 01:08:56.243368,0.10668705427792347,Low
CUST_00422,66,3,138.99379235016656,0,2025-10-25 01:08:56.243370,0.7337241300841224,High
CUST_00423,82,2,139.71829660237557,1,2025-11-04 01:08:56.243372,0.9111500688218647,High
CUST_00424,8,5,459.47757096753065,0,2026-01-01 01:08:56.243374,0.10367292506363075,Low
CUST_00425,67,6,372.29930129669134,1,2025-09-24 01:08:56.243376,0.8625704236472609,High
CUST_00426,38,6,649.81917048949,0,2025-06-16 01:08:56.243378,0.1025058272499132,Low
CUST_00428,8,16,1556.5639812368809,0,2026-01-18 01:08:56.243381,0.07014597244520349,Low
CUST_00429,11,12,646.4921425638823,0,2026-02-09 01:08:56.243383,0.08769659245837692,Low
CUST_00430,1,5,379.3244240462111,0,2025-12-24 01:08:56.243385,0.13737495203059308,Low
CUST_00431,2,16,1501.912016504484,0,2025-08-02 01:08:56.243387,0.0750910315897725,Low
CUST_00432,116,2,580.4285235500074,1,2025-09-05 01:08:56.243389,0.925955131046375,High
CUST_00433,32,4,424.15944951516815,0,2025-08-22 01:08:56.243391,0.08963297514918354,Low
CUST_00434,0,10,1686.6604775281248,0,2026-02-17 01:08:56.243393,0.08977663151538624,Low
CUST_00435,4,3,299.9661477278597,0,2025-12-18 01:08:56.243395,0.1322537852499703,Low
CUST_00436,21,3,107.88178816276576,0,2025-06-12 01:08:56.243397,0.128041653735758,Low
CUST_00437,2,3,170.04918884147534,1,2025-07-17 01:08:56.243399,0.2887827344350732,Low
CUST_00439,2,6,663.577152035353,0,2026-03-05 01:08:56.243403,0.13109504770625952,Low
CUST_00441,0,7,538.3017162837657,0,2026-03-18 01:08:56.243407,0.15635463431378083,Low
CUST_00442,39,4,156.1619067516636,0,2025-07-25 01:08:56.243408,0.11203852073566642,Low
CUST_00443,183,1,154.54613153081036,1,2025-05-07 01:08:56.243410,0.9300175827400587,High
CUST_00444,13,4,423.7620891064468,0,2025-12-18 01:08:56.243412,0.09787145910950827,Low
CUST_00445,0,7,821.9672788666489,0,2025-06-11 01:08:56.243417,0.19517202160819125,Low
CUST_00446,0,14,1471.4809382957014,0,2025-09-29 01:08:56.243419,0.08330815649881973,Low
CUST_00447,16,3,357.8165063308084,0,2025-08-17 01:08:56.243421,0.10045064691512653,Low
CUST_00448,109,1,34.782447888441794,1,2025-07-21 01:08:56.243423,0.8950320772296229,High
CUST_00449,40,12,681.1285727470616,0,2025-11-01 01:08:56.243425,0.08474465781438162,Low
CUST_00450,19,4,740.9888520639474,0,2025-12-22 01:08:56.243427,0.09157488639060231,Low
CUST_00451,193,2,99.98176554516294,1,2025-07-14 01:08:56.243429,0.8956519975640249,High
CUST_00452,40,4,332.98175520066275,0,2025-05-07 01:08:56.243431,0.08469217439314831,Low
CUST_00453,1,22,1896.5526199915855,0,2026-03-24 01:08:56.243433,0.07490528972139146,Low
CUST_00454,6,3,58.02127994887252,0,2026-03-12 01:08:56.243434,0.14654933829053932,Low
CUST_00455,96,2,314.16149786330857,1,2025-06-21 01:08:56.243436,0.9035497673740852,High
CUST_00456,145,1,6.539538435229383,1,2025-07-24 01:08:56.243438,0.9078708196772487,High
CUST_00457,227,2,155.1869501743254,1,2025-07-13 01:08:56.243440,0.9092899856594961,High
CUST_00458,72,2,169.48502148380464,1,2025-10-19 01:08:56.243443,0.9052690131502348,High
CUST_00459,25,5,387.9134302561923,0,2025-10-27 01:08:56.243444,0.0960376491031256,Low
CUST_00460,106,1,25.443477235683563,1,2025-10-01 01:08:56.243446,0.8987437096831908,High
CUST_00461,1,24,1810.8780857346144,0,2025-10-16 01:08:56.243448,0.03986286474640032,Low
CUST_00462,6,12,1225.1842517309797,0,2026-02-23 01:08:56.243450,0.0841725537088375,Low
CUST_00463,16,8,541.0060264836392,0,2025-09-30 01:08:56.243452,0.08885179820574442,Low
CUST_00464,2,11,899.8251942420768,0,2025-12-17 01:08:56.243454,0.12512489144663222,Low
CUST_00466,0,5,178.35226198953973,0,2025-05-09 01:08:56.243458,0.180477969470308,Low
CUST_00467,45,4,979.7224790659918,0,2026-01-22 01:08:56.243460,0.08668751003742563,Low
CUST_00468,12,16,876.0746611436917,1,2025-10-11 01:08:56.243462,0.14951933540032727,Low
CUST_00469,26,8,981.7424540499342,0,2025-05-02 01:08:56.243464,0.07054080942557611,Low
CUST_00471,0,23,1936.593384931731,0,2026-02-12 01:08:56.243468,0.065470803079043,Low
CUST_00473,1,11,915.2753178726578,0,2026-03-16 01:08:56.243472,0.16757971022454318,Low
CUST_00474,6,20,2275.669177609336,0,2025-12-23 01:08:56.243474,0.037114759472076056,Low
CUST_00475,111,2,243.93966845399908,1,2025-05-30 01:08:56.243475,0.8988946774291726,High
CUST_00476,17,8,659.8919190233624,0,2025-07-18 01:08:56.243477,0.08219991868144992,Low
CUST_00478,19,5,332.04673483655046,1,2026-02-21 01:08:56.243486,0.09861039847095494,Low
CUST_00479,32,5,276.3488359316002,1,2025-08-25 01:08:56.243488,0.17707373008042598,Low
CUST_00480,50,8,632.3775489844872,0,2025-12-28 01:08:56.243490,0.10757840869429657,Low
CUST_00481,30,16,1076.9125395683675,0,2025-07-07 01:08:56.243492,0.06370408734525779,Low
CUST_00482,6,11,905.9878487931124,0,2025-12-25 01:08:56.243494,0.1301390033027414,Low
CUST_00483,0,7,1174.4706463322386,0,2025-12-28 01:08:56.243496,0.11748522692606037,Low
CUST_00484,6,13,879.3573596079751,0,2025-12-03 01:08:56.243498,0.11040633579293564,Low
CUST_00485,24,10,1128.0639871469368,0,2025-12-13 01:08:56.243500,0.06078265128211187,Low
CUST_00487,1,35,4032.310806502623,0,2025-05-18 01:08:56.243504,0.02415452635302096,Low
CUST_00488,2,1,17.62544311139314,0,2025-12-04 01:08:56.243506,0.18868071527866526,Low
CUST_00489,9,11,1995.058894258872,0,2026-01-12 01:08:56.243507,0.08655826572822077,Low
CUST_00490,5,3,385.01809305895415,0,2025-08-23 01:08:56.243509,0.1187965544504798,Low
CUST_00491,230,1,21.765032783217045,1,2025-06-24 01:08:56.243511,0.9024126166855109,High
CUST_00492,58,3,475.0382531724073,0,2025-07-22 01:08:56.243513,0.11852327325040075,Low
CUST_00493,122,6,410.3984027580361,1,2025-10-15 01:08:56.243515,0.8925800124268781,High
CUST_00494,36,1,44.22064119750039,0,2025-09-17 01:08:56.243517,0.15119755613322672,Low
CUST_00495,28,1,179.3241338769475,0,2025-08-13 01:08:56.243519,0.12681972640694159,Low
CUST_00496,1,4,328.84527033100966,0,2025-10-02 01:08:56.243521,0.11357210737392887,Low
CUST_00497,2,19,1878.6843589050332,0,2025-12-19 01:08:56.243523,0.04356724351533778,Low
CUST_00498,17,4,111.84285982262752,0,2026-02-20 01:08:56.243525,0.10410468815084678,Low
CUST_00499,83,1,87.93337245771005,1,2025-12-22 01:08:56.243527,0.8925805245063235,High
CUST_00500,114,5,203.0162024664276,1,2025-10-27 01:08:56.243529,0.8815810132567045,High
CUST_00502,19,15,848.6016280677857,0,2025-09-19 01:08:56.243533,0.11480783168421636,Low
CUST_00503,67,13,926.2890174238676,1,2025-08-16 01:08:56.243534,0.8793391107005764,High
CUST_00504,40,5,225.9821262648077,0,2026-02-19 01:08:56.243537,0.1064171670281169,Low
CUST_00506,6,9,1686.7819820731406,0,2025-09-26 01:08:56.243540,0.09147156726067324,Low
CUST_00507,13,7,1115.8910310239808,0,2026-03-15 01:08:56.243542,0.07599192879461543,Low
CUST_00508,3,19,1744.0289816771597,0,2025-06-22 01:08:56.243544,0.03769052465176834,Low
CUST_00509,12,10,1057.3949325956537,0,2025-08-23 01:08:56.243546,0.07539793177015945,Low
CUST_00510,56,14,1857.9648439666676,0,2025-06-15 01:08:56.243548,0.22428167320792242,Low
CUST_00511,11,5,227.16750772369284,0,2025-06-28 01:08:56.243550,0.11632186961821704,Low
CUST_00512,47,1,19.046083504105003,0,2026-01-25 01:08:56.243552,0.30565338962924643,Medium
CUST_00513,12,19,1844.9867886104416,0,2026-01-03 01:08:56.243554,0.05216713960187151,Low
CUST_00514,27,8,479.2349368358552,0,2025-08-23 01:08:56.243556,0.09236187724324502,Low
CUST_00515,0,9,1124.2856595062,0,2025-09-22 01:08:56.243558,0.10708632202692042,Low
CUST_00516,8,4,317.4722565331568,0,2026-03-09 01:08:56.243560,0.10030163201846466,Low
CUST_00517,5,6,1422.3415025383931,0,2025-10-02 01:08:56.243562,0.09715822855733712,Low
CUST_00518,3,4,282.8487403737647,0,2025-12-18 01:08:56.243564,0.15142488447042332,Low
CUST_00519,16,2,56.90703899138352,0,2025-08-07 01:08:56.243566,0.13880578503317975,Low
CUST_00521,25,2,136.49586956184692,0,2025-07-06 01:08:56.243570,0.1150791112793792,Low
CUST_00522,37,13,1483.1465972325582,1,2025-06-17 01:08:56.243572,0.17772312199084453,Low
CUST_00523,41,8,619.3984666035877,0,2025-09-03 01:08:56.243574,0.08719677051740479,Low
CUST_00524,77,2,32.649215892627694,1,2025-08-17 01:08:56.243576,0.8486398120767508,High
CUST_00525,9,5,583.9341575209547,0,2026-02-04 01:08:56.243578,0.1059624336416949,Low
CUST_00526,90,1,79.1846209529694,1,2025-11-04 01:08:56.243580,0.8608197065587728,High
CUST_00527,20,6,1184.7011758088752,0,2026-01-18 01:08:56.243582,0.06050981674872574,Low
CUST_00528,1,1,9.91055736583306,0,2025-12-19 01:08:56.243583,0.24436927521467755,Low
CUST_00529,22,1,28.287208831204424,0,2026-03-03 01:08:56.243585,0.1442711460193007,Low
CUST_00530,58,1,68.86005085948094,0,2026-02-03 01:08:56.243587,0.16169877161617335,Low
CUST_00531,18,3,50.91393265914471,0,2025-10-28 01:08:56.243591,0.15713972093560735,Low
CUST_00532,74,1,43.86328890392444,1,2025-11-04 01:08:56.243593,0.8900979630221978,High
CUST_00533,32,1,77.24593238070865,0,2026-01-30 01:08:56.243595,0.15998129200892605,Low
CUST_00534,38,1,20.15155768473793,1,2026-02-17 01:08:56.243597,0.37338814419156924,Medium
CUST_00535,0,1,107.62012430213146,0,2025-12-09 01:08:56.243599,0.19695617211666577,Low
CUST_00536,17,4,156.8990722207457,0,2025-09-28 01:08:56.243601,0.11332037442535654,Low
CUST_00537,7,13,1067.5123912595543,0,2026-02-14 01:08:56.243602,0.09505264679562467,Low
CUST_00539,8,6,479.32772256678567,0,2025-08-17 01:08:56.243606,0.10562557455820533,Low
CUST_00541,39,1,58.46703343516638,0,2025-11-15 01:08:56.243610,0.14206155181109797,Low
CUST_00542,28,8,538.726324838138,0,2025-10-16 01:08:56.243612,0.08332015999352177,Low
CUST_00543,25,5,486.5834925511096,0,2025-08-25 01:08:56.243614,0.10136492355753829,Low
CUST_00544,13,10,961.5383029396264,0,2025-08-19 01:08:56.243616,0.07401109755082519,Low
CUST_00545,26,5,340.180802837028,0,2025-08-05 01:08:56.243618,0.09208168222508537,Low
CUST_00546,11,24,2222.998102130436,0,2025-05-01 01:08:56.243620,0.02228876243999836,Low
CUST_00548,77,2,47.6350877939926,1,2025-08-01 01:08:56.243624,0.8767716092767905,High
CUST_00550,10,1,93.14099946676914,0,2026-03-19 01:08:56.243628,0.12640399086512427,Low
CUST_00551,24,5,391.9488840393779,0,2026-01-13 01:08:56.243629,0.0960376491031256,Low
CUST_00552,25,11,1064.6160911344575,0,2025-07-18 01:08:56.243631,0.06351681928524539,Low
CUST_00553,151,1,157.61477369435525,1,2025-08-10 01:08:56.243633,0.9324892247052823,High
CUST_00554,2,15,1893.7869598150512,0,2026-03-21 01:08:56.243635,0.08536035987836668,Low
CUST_00555,9,13,737.2714641021273,0,2025-10-05 01:08:56.243637,0.10121703892006857,Low
CUST_00556,63,3,160.96778984600263,1,2025-11-07 01:08:56.243639,0.8392348457509788,High
CUST_00559,109,1,220.42149066464685,1,2025-06-18 01:08:56.243645,0.840687530334411,High
CUST_00560,59,2,173.55872970903584,0,2025-11-26 01:08:56.243647,0.1815088712813905,Low
CUST_00561,18,7,1130.0862652802352,0,2025-09-15 01:08:56.243649,0.08408058091144191,Low
CUST_00562,19,2,56.10291839218192,0,2026-03-23 01:08:56.243651,0.13708615886495545,Low
CUST_00563,11,3,106.16741549125416,0,2026-02-27 01:08:56.243652,0.13019638041239523,Low
CUST_00564,4,26,2323.231595222011,0,2025-10-14 01:08:56.243654,0.024383087886222104,Low
CUST_00565,7,6,392.44458965842153,0,2025-11-12 01:08:56.243656,0.11111075319003458,Low
CUST_00566,54,17,1611.466817148929,1,2025-05-11 01:08:56.243658,0.3410567839020093,Medium
CUST_00567,110,4,289.02639871127536,1,2025-11-03 01:08:56.243660,0.9159406400125141,High
CUST_00568,64,3,88.39725679556793,1,2025-05-05 01:08:56.243662,0.7698004603439702,High
CUST_00569,5,6,804.2887782706235,0,2025-08-23 01:08:56.243664,0.1444304311570366,Low
CUST_00570,113,1,110.98192992409469,1,2025-05-31 01:08:56.243666,0.91828641086204,High
CUST_00572,90,4,262.33476487395137,1,2025-06-09 01:08:56.243670,0.9200803185687977,High
CUST_00573,2,10,753.7249471640276,0,2026-01-17 01:08:56.243672,0.14360628388200372,Low
CUST_00574,47,5,1095.4141682297695,0,2025-07-19 01:08:56.243674,0.1007725305255069,Low
CUST_00575,108,1,114.8069595864236,1,2025-06-26 01:08:56.243676,0.9199530775287066,High
CUST_00576,93,3,214.24253289621456,1,2025-09-27 01:08:56.243678,0.8435768489528246,High
CUST_00578,26,4,425.2014763838881,0,2025-12-27 01:08:56.243681,0.0858065992472115,Low
CUST_00579,185,2,92.3847573502334,1,2025-09-07 01:08:56.243683,0.8986243073716302,High
CUST_00580,25,1,418.1702488492148,1,2026-03-09 01:08:56.243685,0.3425874847628841,Medium
CUST_00581,0,15,1391.578294058565,0,2026-02-17 01:08:56.243687,0.07338062324166794,Low
CUST_00582,74,3,158.17411238819767,1,2025-11-22 01:08:56.243689,0.9091855593822677,High
CUST_00583,0,15,903.6904095865132,1,2025-10-06 01:08:56.243691,0.20642893319351086,Low
CUST_00584,90,1,36.35270506791424,1,2025-11-07 01:08:56.243693,0.882392706273238,High
CUST_00585,40,2,57.100505336079024,0,2025-07-29 01:08:56.243695,0.15488169505393112,Low
CUST_00586,85,1,12.40559644360254,1,2025-08-20 01:08:56.243697,0.900284877536195,High
CUST_00587,59,1,21.67331128482594,1,2025-11-22 01:08:56.243699,0.4671988069709591,Medium
CUST_00589,39,6,2099.0268489060554,0,2025-10-31 01:08:56.243703,0.1026396548158543,Low
CUST_00590,89,7,527.9433192877312,1,2025-05-15 01:08:56.243704,0.887314503006134,High
CUST_00591,2,9,768.3082649710902,0,2026-03-27 01:08:56.243706,0.14350989309301995,Low
CUST_00592,22,4,325.1552963804112,0,2025-09-19 01:08:56.243708,0.0851033272725206,Low
CUST_00593,19,17,1543.5488258578669,0,2025-09-18 01:08:56.243710,0.048661681367782796,Low
CUST_00596,149,1,58.53049126774709,1,2025-11-14 01:08:56.243716,0.8928899010360654,High
CUST_00597,2,10,460.7646700486464,0,2026-01-29 01:08:56.243718,0.12243790264714755,Low
CUST_00598,1,39,2515.0524652342347,0,2026-02-12 01:08:56.243720,0.02415452635302096,Low
CUST_00599,50,2,77.50466619454654,0,2025-10-06 01:08:56.243722,0.16009886644514457,Low
CUST_00600,19,11,859.5262613942772,0,2025-10-19 01:08:56.243724,0.08982047184623208,Low
CUST_00601,11,11,883.1603961623019,0,2025-10-06 01:08:56.243726,0.10177249389650153,Low
CUST_00602,116,2,363.880192377822,1,2025-05-15 01:08:56.243728,0.9203213496437121,High
CUST_00603,80,3,328.5644301817541,1,2025-05-29 01:08:56.243730,0.8639455540233473,High
CUST_00604,45,1,303.79663046284435,0,2025-10-30 01:08:56.243732,0.11687310138474684,Low
CUST_00605,5,29,2972.1047462226907,0,2026-01-07 01:08:56.243734,0.024708966770992612,Low
CUST_00607,6,8,417.3505118668669,0,2025-09-06 01:08:56.243738,0.1069902135473234,Low
CUST_00608,26,5,263.97632464050184,0,2025-07-19 01:08:56.243739,0.12634581312830287,Low
CUST_00609,125,2,42.20672671312377,1,2025-08-11 01:08:56.243741,0.8383482375815916,High
CUST_00610,66,3,571.2226790520353,1,2025-10-15 01:08:56.243743,0.8473730245110037,High
CUST_00611,0,11,751.8116695875297,1,2025-08-13 01:08:56.243745,0.1807975554966374,Low
CUST_00612,17,10,776.5148786783636,0,2025-11-01 01:08:56.243747,0.10381055978121383,Low
CUST_00613,3,6,1133.6334855952473,1,2026-03-08 01:08:56.243749,0.1444619309352935,Low
CUST_00614,0,11,909.6916936182254,1,2026-02-09 01:08:56.243751,0.1962899687343891,Low
CUST_00616,47,7,613.1641249821706,1,2025-05-27 01:08:56.243758,0.17181441023759206,Low
CUST_00618,50,4,342.35123043004603,0,2025-11-05 01:08:56.243761,0.09481200570937652,Low
CUST_00619,2,8,1492.6919921248957,0,2026-03-27 01:08:56.243763,0.10599263439145029,Low
CUST_00620,9,2,63.30065497197147,0,2026-02-02 01:08:56.243765,0.18753396833951474,Low
CUST_00621,64,7,357.21724623705137,0,2025-07-12 01:08:56.243767,0.5605015554290252,Medium
CUST_00622,2,30,2242.813463181287,0,2025-11-04 01:08:56.243769,0.025932468839630032,Low
CUST_00623,34,2,150.46371434358213,0,2026-03-16 01:08:56.243771,0.13691183394268852,Low
CUST_00624,96,7,596.7530196809909,1,2025-05-02 01:08:56.243774,0.8777839506397604,High
CUST_00625,50,2,64.19836363402858,1,2025-08-16 01:08:56.243776,0.21784018924530377,Low
CUST_00626,27,1,32.781848100662245,0,2025-06-29 01:08:56.243777,0.14133909697864216,Low
CUST_00627,25,4,493.97946165803575,0,2025-10-23 01:08:56.243780,0.09189852616061983,Low
CUST_00628,0,17,1148.572969385184,0,2026-03-20 01:08:56.243781,0.06403431819112657,Low
CUST_00629,34,12,1392.2574554576083,0,2025-11-26 01:08:56.243783,0.067452578570207,Low
CUST_00630,13,7,676.4188084913154,0,2025-10-15 01:08:56.243785,0.10289962245722054,Low
CUST_00631,1,36,3670.1303019017455,0,2025-12-28 01:08:56.243787,0.02415452635302096,Low
CUST_00633,33,2,60.812582076055584,1,2025-09-23 01:08:56.243791,0.22764161073577502,Low
CUST_00634,15,8,668.3758925829136,0,2025-05-16 01:08:56.243793,0.08547649874705629,Low
CUST_00635,10,4,151.16371901979522,0,2025-10-01 01:08:56.243795,0.11349673997855028,Low
CUST_00636,36,3,408.0072387021688,0,2026-02-28 01:08:56.243797,0.103319371367409,Low
CUST_00637,11,2,279.7956919040741,0,2025-08-20 01:08:56.243799,0.140122371706818,Low
CUST_00638,18,4,753.5433090907932,0,2026-02-15 01:08:56.243801,0.098722603388794,Low
CUST_00639,56,3,184.5192918137913,0,2025-08-12 01:08:56.243803,0.1679236389789838,Low
CUST_00641,159,1,62.11101277259824,1,2025-11-03 01:08:56.243807,0.9129887996256744,High
CUST_00642,36,8,550.700308169806,1,2025-09-08 01:08:56.243809,0.09957271307617421,Low
CUST_00643,51,5,232.35411610193952,0,2025-08-28 01:08:56.243811,0.11065192244237909,Low
CUST_00645,41,6,330.2100985845196,0,2025-07-31 01:08:56.243815,0.09590565808093715,Low
CUST_00647,16,1,132.5074302369146,0,2026-02-21 01:08:56.243819,0.13058751466155366,Low
CUST_00648,17,12,448.3268415379652,0,2025-07-18 01:08:56.243821,0.09238208990496796,Low
CUST_00649,17,6,653.576170127739,0,2026-01-05 01:08:56.243822,0.09603104790004577,Low
CUST_00651,17,5,635.3679042594639,0,2025-09-12 01:08:56.243826,0.09667076378491282,Low
CUST_00652,47,5,1127.9696062005137,0,2025-05-29 01:08:56.243828,0.1007725305255069,Low
CUST_00653,0,10,546.8315086324053,0,2026-03-18 01:08:56.243830,0.13793157482241025,Low
CUST_00654,6,9,1058.6805897554168,0,2025-05-20 01:08:56.243832,0.08847245592737404,Low
CUST_00655,64,6,2218.8048400914813,0,2025-06-15 01:08:56.243834,0.34906348654224373,Medium
CUST_00656,66,6,210.36156840969187,1,2025-07-29 01:08:56.243836,0.6963909561549942,Medium
CUST_00657,101,2,63.89782420134077,1,2025-07-20 01:08:56.243838,0.8664270437293555,High
CUST_00658,1,1,8.661503030166331,0,2026-03-23 01:08:56.243840,0.3288348805975776,Medium
CUST_00659,20,3,177.3242330415526,0,2025-11-29 01:08:56.243842,0.15441530916599794,Low
CUST_00660,6,9,1035.773370710917,0,2025-06-12 01:08:56.243844,0.09304650318905909,Low
CUST_00661,10,8,504.0307312693756,0,2026-01-22 01:08:56.243846,0.09857527587041817,Low
CUST_00663,74,1,109.8461649742492,1,2025-08-16 01:08:56.243850,0.8976524129129113,High
CUST_00664,109,4,502.81799715930686,1,2025-08-01 01:08:56.243852,0.9116942126966573,High
CUST_00665,39,2,181.6660845085061,0,2025-10-02 01:08:56.243854,0.1153961081654553,Low
CUST_00666,35,8,510.4814754030261,0,2025-07-04 01:08:56.243856,0.0927294795541939,Low
CUST_00668,4,3,195.8127756530922,0,2026-01-24 01:08:56.243860,0.15791613574576,Low
CUST_00669,19,18,1517.4513440684789,0,2025-08-23 01:08:56.243862,0.03260831738757533,Low
CUST_00671,1,2,60.139325455438566,1,2025-06-18 01:08:56.243866,0.28236661631309984,Low
CUST_00673,60,3,1435.4903070698267,0,2025-12-20 01:08:56.243870,0.18865296307215068,Low
CUST_00674,61,3,204.47590378442183,1,2025-12-13 01:08:56.243872,0.7728439530436328,High
CUST_00675,40,4,2076.166538566594,0,2025-12-19 01:08:56.243874,0.09351628889551568,Low
CUST_00676,21,3,173.82930161699275,0,2025-05-21 01:08:56.243875,0.15441530916599794,Low
CUST_00677,7,14,1837.659871802934,1,2026-03-22 01:08:56.243877,0.12873798632225764,Low
CUST_00678,107,2,104.05660835490347,1,2025-09-12 01:08:56.243880,0.9110305491124494,High
CUST_00680,13,13,1266.5730471812278,0,2025-07-12 01:08:56.243883,0.06752357660370248,Low
CUST_00681,5,3,305.3121294886,0,2026-03-05 01:08:56.243885,0.12524542077473455,Low
CUST_00682,1,12,504.40655702842287,0,2026-02-03 01:08:56.243887,0.10934951691113687,Low
CUST_00683,79,3,426.4655736519476,1,2025-10-14 01:08:56.243889,0.8540245120479681,High
CUST_00684,8,12,674.172060484739,0,2025-09-07 01:08:56.243891,0.09230001021232635,Low
CUST_00685,10,4,269.5187713185145,0,2026-01-04 01:08:56.243893,0.1480869654932469,Low
CUST_00686,8,8,532.8164018922234,0,2025-11-03 01:08:56.243895,0.09554108783623015,Low
CUST_00687,6,12,1044.0084605763395,0,2026-01-02 01:08:56.243897,0.1096302155722309,Low
CUST_00688,10,3,225.35010634520452,1,2026-01-09 01:08:56.243899,0.15547840429327695,Low
CUST_00690,13,3,486.1195953435925,0,2026-02-05 01:08:56.243903,0.11877588513758676,Low
CUST_00691,6,1,90.66448902343365,0,2025-10-06 01:08:56.243905,0.15299937257572166,Low
CUST_00692,14,3,448.2769251405508,0,2025-09-04 01:08:56.243906,0.09987445400041924,Low
CUST_00693,18,7,1009.4217788271004,0,2025-07-11 01:08:56.243908,0.07919546808041529,Low
CUST_00694,66,4,380.3938050086643,1,2025-06-13 01:08:56.243910,0.8798697374160389,High
CUST_00695,16,7,307.6751912287195,1,2026-02-22 01:08:56.243912,0.16007731074702997,Low
CUST_00696,11,4,324.2261188874449,0,2025-12-23 01:08:56.243914,0.0891360021360838,Low
CUST_00697,41,5,1160.7767564719093,0,2026-01-15 01:08:56.243916,0.06777841687198449,Low
CUST_00701,9,4,322.2809354093464,0,2025-10-17 01:08:56.243928,0.09097707421102086,Low
CUST_00702,30,1,93.71333959794774,0,2025-11-30 01:08:56.243930,0.12041668542328358,Low
CUST_00704,50,2,166.35520827331885,0,2025-05-26 01:08:56.243934,0.1345815664530972,Low
CUST_00705,27,9,1034.455096254836,0,2025-07-03 01:08:56.243936,0.0681460121373397,Low
CUST_00707,101,2,126.64082098688624,1,2025-08-04 01:08:56.243940,0.8954731803205472,High
CUST_00708,0,9,899.7432394175833,0,2025-08-18 01:08:56.243942,0.15333363906080386,Low
CUST_00709,46,13,1077.968869759372,0,2025-07-20 01:08:56.243944,0.0918160097811484,Low
CUST_00710,1,14,815.1593055355777,0,2025-05-19 01:08:56.243946,0.11108402761192913,Low
CUST_00713,0,17,1422.011142543102,0,2025-05-29 01:08:56.243952,0.05624280566221592,Low
CUST_00714,55,5,1032.092851204587,0,2025-09-02 01:08:56.243954,0.084019996994914,Low
CUST_00715,4,3,71.45508295324443,0,2025-08-11 01:08:56.243956,0.14925417226877877,Low
CUST_00716,3,9,846.5832651826578,0,2026-01-21 01:08:56.243958,0.13100291235667325,Low
CUST_00717,4,8,794.2537396471546,0,2026-01-12 01:08:56.243960,0.1349826907817304,Low
CUST_00718,5,13,1409.012874647481,1,2025-12-15 01:08:56.243962,0.11144017955858691,Low
CUST_00719,3,37,2992.498205670862,0,2025-09-17 01:08:56.243964,0.02458671433788713,Low
CUST_00720,5,9,697.9252545899678,0,2025-07-19 01:08:56.243966,0.10056898484641516,Low
CUST_00721,209,1,102.80342155838972,1,2025-08-14 01:08:56.243968,0.9353420496397084,High
CUST_00722,19,17,1767.7147287768912,0,2025-06-07 01:08:56.243970,0.05175785565932012,Low
CUST_00723,268,1,21.53519188520468,1,2025-05-26 01:08:56.243972,0.8863433526162469,High
CUST_00724,3,4,1141.5547457821006,0,2025-12-20 01:08:56.243974,0.09346896346235274,Low
CUST_00725,19,6,430.7864867273244,0,2025-06-15 01:08:56.243975,0.10153036559188344,Low
CUST_00726,31,2,248.7569614066675,0,2025-04-27 01:08:56.243977,0.1485875790762084,Low
CUST_00727,272,1,49.589135704203805,1,2025-05-24 01:08:56.243979,0.8995236947221001,High
CUST_00729,41,14,1024.2905611736146,0,2025-10-13 01:08:56.243983,0.06933314816641312,Low
CUST_00730,58,8,837.6738212347684,0,2025-04-27 01:08:56.243985,0.14344573359138013,Low
CUST_00731,3,7,802.4657137647679,1,2026-02-26 01:08:56.243987,0.18238006901387963,Low
CUST_00732,136,3,406.8507259215913,1,2025-07-24 01:08:56.243989,0.8136729366266741,High
CUST_00733,12,10,840.3055693614972,0,2025-12-12 01:08:56.243991,0.10362312208897796,Low
CUST_00734,1,17,1441.213878551963,0,2026-02-05 01:08:56.243993,0.05765005193101537,Low
CUST_00735,32,3,429.78551551852536,0,2026-01-06 01:08:56.243995,0.089537488168752,Low
CUST_00736,5,3,84.10814947251025,0,2025-11-15 01:08:56.243997,0.14413904577329478,Low
CUST_00738,1,21,2195.852629727801,0,2025-11-10 01:08:56.244001,0.038127677621462956,Low
CUST_00739,49,1,193.60095048615403,0,2025-09-25 01:08:56.244003,0.1447986051597871,Low
CUST_00740,22,17,985.7258702789436,0,2025-05-02 01:08:56.244005,0.05487540096550649,Low
CUST_00741,40,4,176.5519432651065,0,2025-06-28 01:08:56.244007,0.11912432225226356,Low
CUST_00742,6,4,101.00304029366332,0,2026-01-18 01:08:56.244009,0.11125414409630817,Low
CUST_00743,8,11,1449.8000926526963,0,2026-02-22 01:08:56.244011,0.08942294276862599,Low
CUST_00744,18,5,596.5339722418888,0,2025-07-09 01:08:56.244013,0.10118540633443912,Low
CUST_00745,3,18,2207.576812516486,0,2026-02-03 01:08:56.244015,0.04019356524002877,Low
CUST_00746,67,3,187.74299456374777,1,2025-09-04 01:08:56.244017,0.8940143217679357,High
CUST_00747,133,1,179.82765419682164,1,2025-11-22 01:08:56.244019,0.8897638115255614,High
CUST_00748,13,7,1125.782254894709,0,2025-08-05 01:08:56.244021,0.07599192879461543,Low
CUST_00749,12,8,316.5210031257251,0,2026-02-13 01:08:56.244023,0.10979809218836309,Low
CUST_00750,76,6,788.6945562554482,1,2025-07-31 01:08:56.244025,0.8780966727083434,High
CUST_00751,54,2,47.12594308954268,0,2025-12-07 01:08:56.244027,0.17450148472483676,Low
CUST_00752,36,5,510.6536124045613,0,2025-07-22 01:08:56.244029,0.10775810728018827,Low
CUST_00753,132,1,21.865652073935788,1,2025-10-28 01:08:56.244031,0.8800292985160435,High
CUST_00754,148,4,421.4673516558632,1,2025-09-26 01:08:56.244033,0.9029986743120426,High
CUST_00755,18,7,448.6411404644685,0,2025-12-23 01:08:56.244035,0.10420805926000237,Low
CUST_00756,0,3,167.91459075103592,1,2026-03-20 01:08:56.244037,0.3093870208078786,Medium
CUST_00757,19,3,206.4419408365228,0,2025-09-25 01:08:56.244039,0.14626466708316951,Low
CUST_00758,169,1,177.5310842707986,1,2025-06-20 01:08:56.244041,0.9153832057242635,High
CUST_00759,171,1,127.543369087946,1,2025-09-14 01:08:56.244043,0.9324350006548677,High
CUST_00760,190,1,3.3219473844958305,1,2025-09-14 01:08:56.244045,0.9045241777120252,High
CUST_00761,8,12,1230.9994078594918,0,2025-10-24 01:08:56.244046,0.07953097125406189,Low
CUST_00762,1,13,1404.6020610224273,0,2025-12-25 01:08:56.244049,0.09775800753853471,Low
CUST_00763,45,3,334.8077937429472,0,2025-10-19 01:08:56.244051,0.10162990510695571,Low
CUST_00764,4,7,623.3764596944944,0,2026-01-26 01:08:56.244053,0.12451139092903818,Low
CUST_00765,7,11,1442.829924864601,0,2025-11-26 01:08:56.244055,0.09406452522340163,Low
CUST_00766,4,15,996.958838689008,0,2026-02-05 01:08:56.244057,0.10699804362485983,Low
CUST_00768,3,16,1637.521253450578,0,2026-03-23 01:08:56.244061,0.07608187359953676,Low
CUST_00769,104,1,73.84050073576539,1,2025-12-26 01:08:56.244063,0.9002390478369481,High
CUST_00770,24,7,1002.9660954619352,0,2025-10-09 01:08:56.244065,0.07660411982186437,Low
CUST_00771,277,1,67.98172489353952,1,2025-05-15 01:08:56.244067,0.9193888424587722,High
CUST_00772,12,5,346.8026941749772,0,2026-03-06 01:08:56.244069,0.10286677738927771,Low
CUST_00774,3,2,177.3134012009441,0,2026-03-27 01:08:56.244073,0.15736101015155468,Low
CUST_00775,4,4,70.0941555017081,0,2025-11-15 01:08:56.244075,0.1131663411249333,Low
CUST_00776,0,6,960.7873699861196,0,2025-08-07 01:08:56.244077,0.15734345175662542,Low
CUST_00777,3,13,1134.6302213587064,0,2026-03-16 01:08:56.244079,0.11316116929043185,Low
CUST_00778,4,2,150.86501947507298,0,2026-02-10 01:08:56.244081,0.14187169637703118,Low
CUST_00779,3,14,1089.9313679449408,0,2026-02-22 01:08:56.244083,0.08922553279014966,Low
CUST_00780,14,12,988.1784571017056,0,2026-01-09 01:08:56.244087,0.07904328189320334,Low
CUST_00781,52,8,462.1162035287632,0,2025-08-22 01:08:56.244090,0.11746746349475698,Low
CUST_00783,7,8,602.6602658986042,0,2026-01-14 01:08:56.244097,0.09916802774147948,Low
CUST_00784,2,18,2189.9187751653794,0,2025-06-19 01:08:56.244100,0.039288228497339685,Low
CUST_00785,133,4,189.16853788826023,1,2025-07-22 01:08:56.244107,0.8804786200724073,High
CUST_00787,54,4,329.5474014815171,0,2025-11-27 01:08:56.244113,0.08741051116972409,Low
CUST_00788,27,8,2379.2465052883053,1,2025-08-26 01:08:56.244116,0.18208808393263623,Low
CUST_00789,37,5,546.0576322334703,0,2025-08-01 01:08:56.244119,0.10736780069926104,Low
CUST_00791,104,1,97.45912827782132,1,2025-12-11 01:08:56.244126,0.9236435537191829,High
CUST_00792,8,13,1262.171064961618,0,2025-05-13 01:08:56.244129,0.08481291181547462,Low
CUST_00793,20,6,701.910063276207,0,2026-02-08 01:08:56.244132,0.09414283519574473,Low
CUST_00794,78,1,139.36766429723272,1,2026-01-26 01:08:56.244134,0.8983429288439129,High
CUST_00795,3,14,1055.810248637494,0,2026-03-02 01:08:56.244136,0.0913743195079019,Low
CUST_00796,236,2,1762.1144963132665,1,2025-06-09 01:08:56.244138,0.8561645845898136,High
CUST_00797,102,6,391.96099396721513,1,2025-07-14 01:08:56.244140,0.8954689013157668,High
CUST_00798,4,9,998.8002166957402,1,2026-03-20 01:08:56.244142,0.13784431895650628,Low
CUST_00799,8,11,580.9448089003678,0,2025-12-05 01:08:56.244144,0.09854222806503074,Low
CUST_00800,16,13,1329.6018060812055,0,2025-07-18 01:08:56.244146,0.06822206260388683,Low
CUST_00801,194,1,314.71719873290914,1,2025-09-29 01:08:56.244148,0.8767529999964525,High
CUST_00802,69,11,691.2866618437578,1,2025-09-02 01:08:56.244150,0.8897250307079964,High
CUST_00804,40,5,555.8316176376673,0,2025-11-21 01:08:56.244154,0.09882268622829071,Low
CUST_00805,0,9,1102.2743746451806,0,2026-01-31 01:08:56.244156,0.10708632202692042,Low
CUST_00806,45,11,705.8133774681033,0,2025-08-26 01:08:56.244158,0.10237627751544247,Low
CUST_00807,13,2,124.25025038387793,0,2026-03-14 01:08:56.244160,0.11617484904176902,Low
CUST_00808,5,18,1652.3712623550898,0,2026-02-28 01:08:56.244162,0.03496846358838641,Low
CUST_00811,32,6,551.259404901563,0,2025-10-25 01:08:56.244168,0.09813779652642067,Low
CUST_00812,14,5,300.30523773586475,0,2026-03-14 01:08:56.244171,0.10570909207816225,Low
CUST_00813,63,11,751.1295342504726,1,2025-09-22 01:08:56.244174,0.8285630822239516,High
CUST_00814,86,6,961.6336817494456,0,2025-05-20 01:08:56.244178,0.5527565062280935,Medium
CUST_00815,0,1,203.45405760194583,0,2026-03-21 01:08:56.244182,0.17859053204465225,Low
CUST_00816,0,14,950.0699437778012,0,2026-03-25 01:08:56.244229,0.11074333891961306,Low
CUST_00817,90,3,180.9594322980568,1,2025-12-07 01:08:56.244242,0.8973363933534958,High
CUST_00818,60,1,125.25691587942924,0,2025-08-02 01:08:56.244249,0.19698507831271653,Low
CUST_00819,38,6,563.5839854689448,0,2025-08-01 01:08:56.244258,0.10783190142337111,Low
CUST_00820,7,2,66.7729706088586,0,2025-06-27 01:08:56.244267,0.15383805963895034,Low
CUST_00821,52,7,410.58823531625467,0,2025-06-07 01:08:56.244276,0.12385755713548736,Low
CUST_00822,17,2,94.0269814244743,0,2025-08-13 01:08:56.244285,0.11541583187053053,Low
CUST_00823,10,9,772.3796508036143,1,2026-03-13 01:08:56.244293,0.12673573633146554,Low
CUST_00824,5,16,918.7960840416556,0,2025-09-17 01:08:56.244300,0.17011748393261888,Low
CUST_00825,16,5,488.8104137229639,0,2025-11-29 01:08:56.244305,0.11493115165680243,Low
CUST_00827,18,13,1403.3366505407373,0,2025-09-07 01:08:56.244313,0.06986422013219198,Low
CUST_00828,4,6,884.9369734618388,0,2026-02-17 01:08:56.244319,0.1538961991137603,Low
CUST_00829,9,7,572.0602664819621,0,2025-06-28 01:08:56.244327,0.110876327022511,Low
CUST_00830,7,2,70.52232829016145,0,2025-08-09 01:08:56.244331,0.14383805963895033,Low
CUST_00831,6,13,1084.2252411854308,1,2026-01-01 01:08:56.244336,0.10105264679562469,Low
CUST_00832,7,8,905.6742482179284,0,2025-11-22 01:08:56.244340,0.11238654169489404,Low
CUST_00833,116,1,194.59903163883655,1,2025-06-01 01:08:56.244345,0.9009446041788907,High
CUST_00834,25,2,390.5468291359133,0,2026-03-03 01:08:56.244350,0.1744642521349555,Low
CUST_00835,53,11,979.339543926482,0,2025-11-03 01:08:56.244354,0.08329926096303003,Low
CUST_00837,2,20,1762.0217237687707,0,2025-08-28 01:08:56.244363,0.03678518790907925,Low
CUST_00838,1,6,543.8380594679506,0,2026-03-03 01:08:56.244367,0.13669737559693082,Low
CUST_00839,22,5,362.82748216147166,0,2026-01-19 01:08:56.244371,0.09520312303844261,Low
CUST_00840,28,1,84.29836668913997,0,2026-01-20 01:08:56.244376,0.13791824535760214,Low
CUST_00841,63,1,34.84674760340072,0,2025-08-07 01:08:56.244380,0.6901942378295406,Medium
CUST_00842,5,16,953.6439643945572,0,2025-12-09 01:08:56.244384,0.08815982706011342,Low
CUST_00843,22,1,65.99951523082747,0,2025-11-02 01:08:56.244389,0.13718647158136454,Low
CUST_00844,8,9,916.8301274067508,0,2025-12-07 01:08:56.244393,0.11444370319245016,Low
CUST_00845,85,4,234.76133317443103,1,2025-08-12 01:08:56.244397,0.9027372977907234,High
CUST_00846,23,2,1083.8248079066211,0,2025-12-07 01:08:56.244402,0.14566534389738367,Low
CUST_00848,8,5,148.86985846263374,0,2025-12-07 01:08:56.244411,0.10623111700990946,Low
CUST_00849,27,20,1951.834358945948,0,2025-07-07 01:08:56.244415,0.0399117297098132,Low
CUST_00850,1,3,246.9267810760691,0,2025-08-04 01:08:56.244419,0.20032868177438215,Low
CUST_00851,73,1,59.82165739018778,1,2026-01-04 01:08:56.244424,0.8575406418005632,High
CUST_00852,16,3,329.2932203029856,0,2026-02-14 01:08:56.244428,0.09297160421869252,Low
CUST_00853,3,4,300.2631317965011,0,2025-12-17 01:08:56.244432,0.11340792450245014,Low
CUST_00854,3,5,184.00151070974383,0,2026-03-22 01:08:56.244437,0.12927447687962168,Low
CUST_00855,15,17,1102.750396184293,0,2025-09-29 01:08:56.244441,0.04974900537214426,Low
CUST_00856,15,1,9.401580419577082,1,2025-06-19 01:08:56.244446,0.49294243358767553,Medium
CUST_00857,255,4,386.7199903802813,1,2025-05-12 01:08:56.244450,0.9019025025099885,High
CUST_00858,1,1,19.15692186987615,0,2025-08-14 01:08:56.244454,0.20113637626824574,Low
CUST_00859,11,27,2182.320571201594,0,2025-05-17 01:08:56.244459,0.02228876243999836,Low
CUST_00860,86,5,320.6457359275066,1,2025-08-11 01:08:56.244463,0.8802392488170772,High
CUST_00862,20,6,254.4155873242489,0,2025-10-29 01:08:56.244474,0.11564883746088425,Low
CUST_00863,19,4,229.2361144935832,0,2025-06-24 01:08:56.244478,0.12645416264968679,Low
CUST_00864,53,5,1397.6059423644958,0,2025-09-11 01:08:56.244495,0.08153707343471824,Low
CUST_00865,9,4,385.9328230146909,0,2026-01-17 01:08:56.244503,0.0987168248728449,Low
CUST_00866,31,6,444.55655862810016,0,2025-12-06 01:08:56.244530,0.0959306996112436,Low
CUST_00868,30,14,575.3925723684862,0,2025-05-01 01:08:56.244572,0.08470843701283705,Low
CUST_00869,7,5,517.8973574789314,0,2025-05-14 01:08:56.244579,0.10893232226489298,Low
CUST_00870,50,4,305.59352744816726,0,2025-12-23 01:08:56.244584,0.10081194639186382,Low
CUST_00871,26,3,380.7106691364511,0,2025-10-27 01:08:56.244598,0.09594770648163192,Low
CUST_00872,309,1,196.58136013242677,1,2025-05-21 01:08:56.244603,0.9138514334327494,High
CUST_00873,0,9,708.7221095704621,0,2025-11-11 01:08:56.244608,0.13109215582807002,Low
CUST_00874,75,4,834.2679700362745,1,2025-07-24 01:08:56.244612,0.9009788860968119,High
CUST_00875,190,1,34.99612771541351,1,2025-07-28 01:08:56.244617,0.8952860921468572,High
CUST_00876,1,10,786.5073706810838,0,2026-02-25 01:08:56.244621,0.138567890092105,Low
CUST_00877,1,31,3058.633788192521,0,2026-02-16 01:08:56.244626,0.02415452635302096,Low
CUST_00878,18,3,507.38540349381367,0,2025-08-11 01:08:56.244630,0.10942808304917163,Low
CUST_00879,3,16,832.5998900279448,0,2026-02-20 01:08:56.244635,0.16622684206134292,Low
CUST_00880,96,1,19.165686088443536,1,2025-08-17 01:08:56.244639,0.8911527768938012,High
CUST_00882,333,1,65.04988523290402,1,2025-05-10 01:08:56.244648,0.9198293186492486,High
CUST_00883,54,2,45.046266806245846,0,2025-08-20 01:08:56.244652,0.1711681513915034,Low
CUST_00884,18,3,385.3384524503061,0,2026-01-12 01:08:56.244657,0.10659058040463128,Low
CUST_00886,47,9,1283.0505635234474,0,2025-04-27 01:08:56.244665,0.09488653187257849,Low
CUST_00887,22,12,832.1230154180346,0,2025-11-14 01:08:56.244670,0.08090794202250869,Low
CUST_00888,42,10,503.86529390113685,0,2025-11-30 01:08:56.244674,0.0975720384184521,Low
CUST_00890,62,1,129.8939041351723,1,2026-01-25 01:08:56.244683,0.8411033459462351,High
CUST_00891,78,2,440.2543480162419,1,2025-09-15 01:08:56.244687,0.9128061908310394,High
CUST_00892,44,8,453.16577304491454,1,2025-04-27 01:08:56.244692,0.13512498618389623,Low
CUST_00893,4,18,1270.9186805532977,0,2025-09-06 01:08:56.244696,0.0366202435631773,Low
CUST_00894,4,6,515.8769117010702,0,2026-03-02 01:08:56.244700,0.12307042698195167,Low
CUST_00895,53,1,49.064771826320765,0,2025-10-06 01:08:56.244705,0.15809692276788556,Low
CUST_00896,79,5,439.9597114846373,1,2025-06-01 01:08:56.244709,0.892497998707696,High
CUST_00897,52,1,49.65224621709194,0,2025-11-15 01:08:56.244713,0.15762470054566333,Low
CUST_00898,175,1,21.642600734248223,0,2025-05-06 01:08:56.244718,0.8485001670964251,High
CUST_00899,27,6,749.2425865668278,0,2025-11-30 01:08:56.244722,0.09828882511263073,Low
CUST_00900,87,6,777.7236369055073,1,2025-05-08 01:08:56.244726,0.8891338409817958,High
CUST_00903,1,25,2197.930237249538,0,2025-08-15 01:08:56.244739,0.0247719179637533,Low
CUST_00904,15,2,284.7737170883821,0,2026-03-08 01:08:56.244744,0.1399325714440496,Low
CUST_00906,89,1,22.481632285710976,1,2025-11-08 01:08:56.244753,0.8868398357389702,High
CUST_00908,1,5,445.829110745664,0,2026-03-27 01:08:56.244762,0.13015898400263481,Low
CUST_00909,32,8,378.6862074293508,0,2025-12-28 01:08:56.244766,0.09251900888426984,Low
CUST_00910,59,4,156.45709827075308,0,2025-11-06 01:08:56.244770,0.12923051425541757,Low
CUST_00911,10,5,316.40742110697875,0,2025-05-12 01:08:56.244775,0.10895503286135788,Low
CUST_00912,6,12,897.7069338590062,0,2026-02-18 01:08:56.244779,0.10638653670847026,Low
CUST_00913,19,6,552.3389505222924,0,2025-06-08 01:08:56.244783,0.10147874890427913,Low
CUST_00914,3,16,1207.16942925473,1,2025-11-09 01:08:56.244788,0.08193030463968448,Low
CUST_00915,8,12,1358.9730249406898,0,2025-04-29 01:08:56.244792,0.07953097125406189,Low
CUST_00917,14,8,857.3691230156269,0,2025-10-18 01:08:56.244801,0.09027008873357621,Low
CUST_00918,78,4,449.1077466909485,1,2025-10-01 01:08:56.244806,0.9052882507552902,High
CUST_00919,7,19,1611.1819943673045,0,2026-03-18 01:08:56.244810,0.0555964625383887,Low
CUST_00920,75,5,292.34593236623067,1,2025-07-10 01:08:56.244814,0.9039997544724422,High
CUST_00921,4,22,2308.233732609315,0,2025-11-10 01:08:56.244819,0.05786497142005564,Low
CUST_00922,6,8,915.662174509034,0,2025-10-07 01:08:56.244823,0.11650788060702792,Low
CUST_00923,7,3,73.21791294027766,1,2026-03-15 01:08:56.244828,0.16291342275346016,Low
CUST_00924,46,6,592.9923478793778,0,2025-10-11 01:08:56.244832,0.13916969033319415,Low
CUST_00925,0,38,3013.242104900435,0,2025-11-18 01:08:56.244836,0.053940033184016876,Low
CUST_00926,14,13,1456.9934583534855,0,2026-01-03 01:08:56.244840,0.08610329387631506,Low
CUST_00927,223,2,175.5932677891784,1,2025-05-11 01:08:56.244845,0.9043959091477726,High
CUST_00928,69,9,754.1484250085308,1,2025-05-13 01:08:56.244849,0.8920346693543714,High
CUST_00929,116,3,64.47014388871803,1,2025-12-17 01:08:56.244854,0.8591493324399309,High
CUST_00931,63,6,422.9979673610387,1,2025-06-28 01:08:56.244862,0.7461012261966755,High
CUST_00932,43,1,123.14419086191792,0,2025-07-06 01:08:56.244867,0.1156174721852667,Low
CUST_00933,18,8,546.2532793989793,0,2026-02-18 01:08:56.244871,0.08867617600509096,Low
CUST_00934,72,4,187.0165324787489,1,2025-12-24 01:08:56.244876,0.9197628675238302,High
CUST_00935,0,11,464.6259384757397,0,2025-12-23 01:08:56.244880,0.1431865785974874,Low
CUST_00937,6,5,651.1540760997736,0,2026-01-18 01:08:56.244889,0.10834645365819105,Low
CUST_00938,78,3,186.7826475721276,1,2025-05-14 01:08:56.244893,0.9038612039990889,High
CUST_00939,137,2,164.09194618906128,1,2025-08-04 01:08:56.244898,0.8892179571990236,High
CUST_00942,14,7,275.20089060883026,1,2026-01-11 01:08:56.244911,0.2330265475232661,Low
CUST_00944,1,6,217.9087130200593,0,2026-03-27 01:08:56.244919,0.12932623947371352,Low
CUST_00945,150,3,136.27994596735263,1,2025-06-05 01:08:56.244924,0.8601672074214535,High
CUST_00946,23,19,2456.0421344795204,0,2025-05-12 01:08:56.244928,0.044621065959754895,Low
CUST_00947,3,15,1096.925858489257,0,2026-01-27 01:08:56.244933,0.09083630714137421,Low
CUST_00948,163,1,149.56978536426163,1,2025-05-12 01:08:56.244937,0.9324892247052823,High
CUST_00949,124,3,471.988781433951,0,2025-05-04 01:08:56.244942,0.6928051209838232,Medium
CUST_00950,34,1,12.239279045071196,0,2025-07-04 01:08:56.244946,0.33619621395517363,Medium
CUST_00951,0,18,1645.903149473255,0,2025-08-11 01:08:56.244950,0.036187921641976206,Low
CUST_00953,30,3,120.80864658721788,0,2025-05-16 01:08:56.244959,0.13082084189153276,Low
CUST_00954,120,1,118.9888198645377,1,2025-06-15 01:08:56.244964,0.9208302705111627,High
CUST_00955,17,2,125.13728880358416,0,2025-06-10 01:08:56.244972,0.11225082845109637,Low
CUST_00956,181,1,7.346277911697991,1,2025-08-27 01:08:56.244977,0.9045241777120252,High
CUST_00957,25,10,700.148133728047,0,2025-10-14 01:08:56.244981,0.08266962488277786,Low
CUST_00959,2,7,854.8012326956731,1,2026-01-09 01:08:56.244990,0.1847041001057261,Low
CUST_00960,52,1,170.59532381841896,0,2026-01-25 01:08:56.244994,0.12996748503359423,Low
CUST_00961,150,1,92.94694403548068,1,2025-11-16 01:08:56.244999,0.9195869048815148,High
CUST_00962,0,15,1192.703333365438,0,2025-12-29 01:08:56.245003,0.07747198029656371,Low
CUST_00964,0,7,669.6035008907681,0,2026-02-14 01:08:56.245012,0.15411965093296415,Low
CUST_00965,98,2,161.6361380808553,1,2025-12-29 01:08:56.245016,0.8896117444941979,High
CUST_00967,3,28,1871.751598916803,0,2025-05-04 01:08:56.245025,0.0438915494452215,Low
CUST_00968,310,1,14.909394444610934,1,2025-06-06 01:08:56.245029,0.9031697136591975,High
CUST_00969,7,9,1912.0175716674676,0,2025-12-14 01:08:56.245034,0.09440858130271215,Low
CUST_00971,50,13,538.3962758469152,0,2025-06-13 01:08:56.245042,0.11911311234468182,Low
CUST_00973,1,3,117.43680483786,0,2025-11-23 01:08:56.245051,0.25540105670373864,Low
CUST_00974,8,6,361.1818889249575,0,2026-03-05 01:08:56.245056,0.103527846406745,Low
CUST_00975,0,22,1922.2678560566687,1,2026-01-24 01:08:56.245061,0.1465935877457291,Low
CUST_00976,2,15,1215.9025034210176,0,2025-11-05 01:08:56.245065,0.07674026957305176,Low
CUST_00977,14,8,755.2270023804831,0,2025-10-26 01:08:56.245070,0.09880976124152059,Low
CUST_00978,1,13,1429.2270209266778,0,2025-11-03 01:08:56.245074,0.10730184207391263,Low
CUST_00979,16,2,70.92252770535251,0,2025-08-15 01:08:56.245078,0.12887420605202066,Low
CUST_00980,103,1,60.279860383634464,0,2025-05-23 01:08:56.245083,0.7892157568193917,High
CUST_00981,27,2,58.52458346813293,0,2025-12-14 01:08:56.245087,0.1342923698623872,Low
CUST_00982,38,4,234.08028205452396,0,2025-12-14 01:08:56.245091,0.13661327434310672,Low
CUST_00983,0,6,156.23913116045202,0,2026-02-17 01:08:56.245096,0.15359156059728427,Low
CUST_00984,120,2,208.1819331058055,1,2025-09-11 01:08:56.245100,0.8926609571942576,High
CUST_00986,14,4,1121.334360073069,0,2026-01-20 01:08:56.245109,0.07026580714561094,Low
CUST_00987,86,1,35.96163561057227,1,2025-09-30 01:08:56.245113,0.8901706680949032,High
CUST_00988,2,4,248.79483814070483,0,2026-02-14 01:08:56.245118,0.14893271073860692,Low
CUST_00990,1,8,718.6238414163267,0,2025-12-07 01:08:56.245126,0.11078949861716485,Low
CUST_00991,1,6,370.2759332103729,0,2025-10-22 01:08:56.245131,0.13366493467471194,Low
CUST_00992,32,2,121.49822714624597,0,2025-06-12 01:08:56.245135,0.13630772613371755,Low
CUST_00993,37,1,27.245744340527363,0,2025-08-09 01:08:56.245140,0.17191011638392467,Low
CUST_00994,0,2,190.2472039611328,0,2025-10-22 01:08:56.245144,0.1765414691448582,Low
CUST_00996,24,6,504.79457212205085,0,2025-12-21 01:08:56.245153,0.0942929813763582,Low
CUST_00997,215,2,1139.8582835387142,1,2025-06-12 01:08:56.245157,0.8811709454369285,High
CUST_00999,135,1,28.622340442205253,1,2025-09-13 01:08:56.245166,0.889517699142257,High
CUST_01000,11,15,1554.892911159549,0,2026-01-01 01:08:56.245170,0.06922772767745786,Low
